1,2,1,NaN,-20,-20,-20,-20,4,2,NaN,NaN,NaN,NaN,NaN,NaN,NaN,NaN,NaN,NaN,898,898,-1,NaN,NaN,NaN,NaN,NaN,NaN,NaN,NaN,NaN,NaN,NaN,NaN,NaN,NaN,NaN,NaN,NaN,NaN,NaN,NaN,NaN,NaN,NaN,NaN,NaN,NaN,NaN
1,2,2,NaN,-20,-20,20,20,2,2,NaN,NaN,NaN,NaN,NaN,NaN,NaN,NaN,NaN,NaN,1,1,1,0.22386,NaN,0.15,NaN,7.0985e+05,7.0985e+05,NaN,NaN,NaN,NaN,NaN,NaN,NaN,NaN,NaN,NaN,NaN,NaN,NaN,NaN,NaN,NaN,NaN,NaN,NaN,NaN,NaN
1,2,3,NaN,-20,20,-20,-20,2,2,NaN,NaN,NaN,NaN,NaN,NaN,NaN,NaN,NaN,NaN,2,1,1,0.24034,NaN,0.15,NaN,7.0985e+05,7.0985e+05,NaN,NaN,NaN,NaN,NaN,NaN,NaN,NaN,NaN,NaN,NaN,NaN,NaN,NaN,NaN,NaN,NaN,NaN,NaN,NaN,NaN
1,2,4,NaN,-20,-20,-20,-20,1,2,NaN,NaN,NaN,NaN,NaN,NaN,NaN,NaN,NaN,NaN,1,1,1,0.31497,NaN,0.15,NaN,7.0985e+05,7.0986e+05,NaN,NaN,NaN,NaN,NaN,NaN,NaN,NaN,NaN,NaN,NaN,NaN,NaN,NaN,NaN,NaN,NaN,NaN,NaN,NaN,NaN
1,2,5,NaN,20,-20,-20,-20,4,2,NaN,NaN,NaN,NaN,NaN,NaN,NaN,NaN,NaN,NaN,1,1,1,0.25545,NaN,0.15,NaN,7.0986e+05,7.0986e+05,NaN,NaN,NaN,NaN,NaN,NaN,NaN,NaN,NaN,NaN,NaN,NaN,NaN,NaN,NaN,NaN,NaN,NaN,NaN,NaN,NaN
1,2,6,NaN,-20,-20,20,20,4,2,NaN,NaN,NaN,NaN,NaN,NaN,NaN,NaN,NaN,NaN,2,1,1,0.73442,NaN,0.15,NaN,7.0986e+05,7.0986e+05,NaN,NaN,NaN,NaN,NaN,NaN,NaN,NaN,NaN,NaN,NaN,NaN,NaN,NaN,NaN,NaN,NaN,NaN,NaN,NaN,NaN
1,2,7,NaN,20,-20,20,-20,4,2,NaN,NaN,NaN,NaN,NaN,NaN,NaN,NaN,NaN,NaN,1,1,1,0.097745,NaN,0.15,NaN,7.0986e+05,7.0986e+05,NaN,NaN,NaN,NaN,NaN,NaN,NaN,NaN,NaN,NaN,NaN,NaN,NaN,NaN,NaN,NaN,NaN,NaN,NaN,NaN,NaN
1,2,8,NaN,-20,20,20,-20,1,2,NaN,NaN,NaN,NaN,NaN,NaN,NaN,NaN,NaN,NaN,898,898,-1,NaN,NaN,NaN,NaN,NaN,NaN,NaN,NaN,NaN,NaN,NaN,NaN,NaN,NaN,NaN,NaN,NaN,NaN,NaN,NaN,NaN,NaN,NaN,NaN,NaN,NaN,NaN
1,2,9,NaN,-20,-20,-20,-20,3,2,NaN,NaN,NaN,NaN,NaN,NaN,NaN,NaN,NaN,NaN,898,898,-1,NaN,NaN,NaN,NaN,NaN,NaN,NaN,NaN,NaN,NaN,NaN,NaN,NaN,NaN,NaN,NaN,NaN,NaN,NaN,NaN,NaN,NaN,NaN,NaN,NaN,NaN,NaN
1,2,10,NaN,20,20,20,-20,4,2,NaN,NaN,NaN,NaN,NaN,NaN,NaN,NaN,NaN,NaN,1,1,1,0.14797,NaN,0.08,NaN,7.0987e+05,7.0987e+05,NaN,NaN,NaN,NaN,NaN,NaN,NaN,NaN,NaN,NaN,NaN,NaN,NaN,NaN,NaN,NaN,NaN,NaN,NaN,NaN,NaN
1,2,11,NaN,-20,20,20,20,4,2,NaN,NaN,NaN,NaN,NaN,NaN,NaN,NaN,NaN,NaN,898,898,-1,NaN,NaN,NaN,NaN,NaN,NaN,NaN,NaN,NaN,NaN,NaN,NaN,NaN,NaN,NaN,NaN,NaN,NaN,NaN,NaN,NaN,NaN,NaN,NaN,NaN,NaN,NaN
1,2,12,NaN,-20,-20,-20,-20,2,2,NaN,NaN,NaN,NaN,NaN,NaN,NaN,NaN,NaN,NaN,898,898,-1,NaN,NaN,NaN,NaN,NaN,NaN,NaN,NaN,NaN,NaN,NaN,NaN,NaN,NaN,NaN,NaN,NaN,NaN,NaN,NaN,NaN,NaN,NaN,NaN,NaN,NaN,NaN
1,2,13,NaN,-20,-20,-20,-20,2,2,NaN,NaN,NaN,NaN,NaN,NaN,NaN,NaN,NaN,NaN,1,1,1,0.3197,NaN,0.15,NaN,7.0988e+05,7.0988e+05,NaN,NaN,NaN,NaN,NaN,NaN,NaN,NaN,NaN,NaN,NaN,NaN,NaN,NaN,NaN,NaN,NaN,NaN,NaN,NaN,NaN
1,2,14,NaN,-20,-20,20,20,2,2,NaN,NaN,NaN,NaN,NaN,NaN,NaN,NaN,NaN,NaN,2,0,1,0.48987,NaN,0.08,NaN,7.0988e+05,7.0988e+05,NaN,NaN,NaN,NaN,NaN,NaN,NaN,NaN,NaN,NaN,NaN,NaN,NaN,NaN,NaN,NaN,NaN,NaN,NaN,NaN,NaN
1,2,15,NaN,-20,-20,20,-20,1,2,NaN,NaN,NaN,NaN,NaN,NaN,NaN,NaN,NaN,NaN,1,1,1,0.67436,NaN,0.15,NaN,7.0988e+05,7.0988e+05,NaN,NaN,NaN,NaN,NaN,NaN,NaN,NaN,NaN,NaN,NaN,NaN,NaN,NaN,NaN,NaN,NaN,NaN,NaN,NaN,NaN
1,2,16,NaN,-20,-20,-20,-20,2,2,NaN,NaN,NaN,NaN,NaN,NaN,NaN,NaN,NaN,NaN,1,1,1,0.26387,NaN,0.15,NaN,7.0989e+05,7.0989e+05,NaN,NaN,NaN,NaN,NaN,NaN,NaN,NaN,NaN,NaN,NaN,NaN,NaN,NaN,NaN,NaN,NaN,NaN,NaN,NaN,NaN
1,2,17,NaN,-20,-20,20,-20,4,2,NaN,NaN,NaN,NaN,NaN,NaN,NaN,NaN,NaN,NaN,1,1,1,0.25741,NaN,0.08,NaN,7.0989e+05,7.0989e+05,NaN,NaN,NaN,NaN,NaN,NaN,NaN,NaN,NaN,NaN,NaN,NaN,NaN,NaN,NaN,NaN,NaN,NaN,NaN,NaN,NaN
1,2,18,NaN,-20,20,-20,-20,1,2,NaN,NaN,NaN,NaN,NaN,NaN,NaN,NaN,NaN,NaN,1,1,1,0.29055,NaN,0.15,NaN,7.0989e+05,7.0989e+05,NaN,NaN,NaN,NaN,NaN,NaN,NaN,NaN,NaN,NaN,NaN,NaN,NaN,NaN,NaN,NaN,NaN,NaN,NaN,NaN,NaN
1,2,19,NaN,20,-20,-20,20,4,2,NaN,NaN,NaN,NaN,NaN,NaN,NaN,NaN,NaN,NaN,2,1,1,0.1791,NaN,0.08,NaN,7.0989e+05,7.0989e+05,NaN,NaN,NaN,NaN,NaN,NaN,NaN,NaN,NaN,NaN,NaN,NaN,NaN,NaN,NaN,NaN,NaN,NaN,NaN,NaN,NaN
1,2,20,NaN,-20,20,-20,20,3,2,NaN,NaN,NaN,NaN,NaN,NaN,NaN,NaN,NaN,NaN,1,1,1,0.46159,NaN,0.15,NaN,7.099e+05,7.099e+05,NaN,NaN,NaN,NaN,NaN,NaN,NaN,NaN,NaN,NaN,NaN,NaN,NaN,NaN,NaN,NaN,NaN,NaN,NaN,NaN,NaN
1,2,21,NaN,-20,-20,-20,20,4,2,NaN,NaN,NaN,NaN,NaN,NaN,NaN,NaN,NaN,NaN,2,1,1,0.26861,NaN,0.01,NaN,7.099e+05,7.099e+05,NaN,NaN,NaN,NaN,NaN,NaN,NaN,NaN,NaN,NaN,NaN,NaN,NaN,NaN,NaN,NaN,NaN,NaN,NaN,NaN,NaN
1,2,22,NaN,-20,20,-20,20,1,2,NaN,NaN,NaN,NaN,NaN,NaN,NaN,NaN,NaN,NaN,1,1,1,0.17895,NaN,0.08,NaN,7.099e+05,7.099e+05,NaN,NaN,NaN,NaN,NaN,NaN,NaN,NaN,NaN,NaN,NaN,NaN,NaN,NaN,NaN,NaN,NaN,NaN,NaN,NaN,NaN
1,2,23,NaN,20,-20,20,-20,1,2,NaN,NaN,NaN,NaN,NaN,NaN,NaN,NaN,NaN,NaN,2,1,1,0.2767,NaN,0.08,NaN,7.0991e+05,7.0991e+05,NaN,NaN,NaN,NaN,NaN,NaN,NaN,NaN,NaN,NaN,NaN,NaN,NaN,NaN,NaN,NaN,NaN,NaN,NaN,NaN,NaN
1,2,24,NaN,20,-20,20,20,2,2,NaN,NaN,NaN,NaN,NaN,NaN,NaN,NaN,NaN,NaN,2,0,1,0.48913,NaN,0.15,NaN,7.0991e+05,7.0991e+05,NaN,NaN,NaN,NaN,NaN,NaN,NaN,NaN,NaN,NaN,NaN,NaN,NaN,NaN,NaN,NaN,NaN,NaN,NaN,NaN,NaN
1,2,25,NaN,20,20,-20,-20,2,2,NaN,NaN,NaN,NaN,NaN,NaN,NaN,NaN,NaN,NaN,1,0,1,0.32167,NaN,0.185,NaN,7.0991e+05,7.0991e+05,NaN,NaN,NaN,NaN,NaN,NaN,NaN,NaN,NaN,NaN,NaN,NaN,NaN,NaN,NaN,NaN,NaN,NaN,NaN,NaN,NaN
1,2,26,NaN,-20,-20,20,20,4,2,NaN,NaN,NaN,NaN,NaN,NaN,NaN,NaN,NaN,NaN,898,898,-1,NaN,NaN,NaN,NaN,NaN,NaN,NaN,NaN,NaN,NaN,NaN,NaN,NaN,NaN,NaN,NaN,NaN,NaN,NaN,NaN,NaN,NaN,NaN,NaN,NaN,NaN,NaN
1,2,27,NaN,-20,20,-20,-20,4,2,NaN,NaN,NaN,NaN,NaN,NaN,NaN,NaN,NaN,NaN,2,0,1,0.031409,NaN,0.01,NaN,7.0992e+05,7.0992e+05,NaN,NaN,NaN,NaN,NaN,NaN,NaN,NaN,NaN,NaN,NaN,NaN,NaN,NaN,NaN,NaN,NaN,NaN,NaN,NaN,NaN
1,2,28,NaN,20,20,20,-20,2,2,NaN,NaN,NaN,NaN,NaN,NaN,NaN,NaN,NaN,NaN,1,0,1,1.2892,NaN,0.22,NaN,7.0992e+05,7.0992e+05,NaN,NaN,NaN,NaN,NaN,NaN,NaN,NaN,NaN,NaN,NaN,NaN,NaN,NaN,NaN,NaN,NaN,NaN,NaN,NaN,NaN
1,2,29,NaN,20,20,20,-20,3,2,NaN,NaN,NaN,NaN,NaN,NaN,NaN,NaN,NaN,NaN,2,1,1,1.2727,NaN,0.15,NaN,7.0992e+05,7.0992e+05,NaN,NaN,NaN,NaN,NaN,NaN,NaN,NaN,NaN,NaN,NaN,NaN,NaN,NaN,NaN,NaN,NaN,NaN,NaN,NaN,NaN
1,2,30,NaN,-20,-20,-20,-20,1,2,NaN,NaN,NaN,NaN,NaN,NaN,NaN,NaN,NaN,NaN,1,1,1,0.21863,NaN,0.08,NaN,7.0993e+05,7.0993e+05,NaN,NaN,NaN,NaN,NaN,NaN,NaN,NaN,NaN,NaN,NaN,NaN,NaN,NaN,NaN,NaN,NaN,NaN,NaN,NaN,NaN
1,2,31,NaN,-20,-20,20,-20,4,2,NaN,NaN,NaN,NaN,NaN,NaN,NaN,NaN,NaN,NaN,898,898,-1,NaN,NaN,NaN,NaN,NaN,NaN,NaN,NaN,NaN,NaN,NaN,NaN,NaN,NaN,NaN,NaN,NaN,NaN,NaN,NaN,NaN,NaN,NaN,NaN,NaN,NaN,NaN
1,2,32,NaN,-20,-20,-20,20,4,2,NaN,NaN,NaN,NaN,NaN,NaN,NaN,NaN,NaN,NaN,2,1,1,0.085696,NaN,0.08,NaN,7.0993e+05,7.0993e+05,NaN,NaN,NaN,NaN,NaN,NaN,NaN,NaN,NaN,NaN,NaN,NaN,NaN,NaN,NaN,NaN,NaN,NaN,NaN,NaN,NaN
1,2,33,NaN,-20,-20,-20,-20,4,2,NaN,NaN,NaN,NaN,NaN,NaN,NaN,NaN,NaN,NaN,1,1,1,0.28056,NaN,0.08,NaN,7.0994e+05,7.0994e+05,NaN,NaN,NaN,NaN,NaN,NaN,NaN,NaN,NaN,NaN,NaN,NaN,NaN,NaN,NaN,NaN,NaN,NaN,NaN,NaN,NaN
1,2,34,NaN,-20,20,-20,-20,3,2,NaN,NaN,NaN,NaN,NaN,NaN,NaN,NaN,NaN,NaN,1,1,1,0.36495,NaN,0.15,NaN,7.0994e+05,7.0994e+05,NaN,NaN,NaN,NaN,NaN,NaN,NaN,NaN,NaN,NaN,NaN,NaN,NaN,NaN,NaN,NaN,NaN,NaN,NaN,NaN,NaN
1,2,35,NaN,-20,20,-20,20,2,2,NaN,NaN,NaN,NaN,NaN,NaN,NaN,NaN,NaN,NaN,2,1,1,0.28723,NaN,0.255,NaN,7.0994e+05,7.0994e+05,NaN,NaN,NaN,NaN,NaN,NaN,NaN,NaN,NaN,NaN,NaN,NaN,NaN,NaN,NaN,NaN,NaN,NaN,NaN,NaN,NaN
1,2,36,NaN,20,20,-20,-20,3,2,NaN,NaN,NaN,NaN,NaN,NaN,NaN,NaN,NaN,NaN,1,1,1,0.35297,NaN,0.08,NaN,7.0994e+05,7.0994e+05,NaN,NaN,NaN,NaN,NaN,NaN,NaN,NaN,NaN,NaN,NaN,NaN,NaN,NaN,NaN,NaN,NaN,NaN,NaN,NaN,NaN
1,2,37,NaN,-20,20,20,20,3,2,NaN,NaN,NaN,NaN,NaN,NaN,NaN,NaN,NaN,NaN,2,1,1,0.26424,NaN,0.08,NaN,7.0995e+05,7.0995e+05,NaN,NaN,NaN,NaN,NaN,NaN,NaN,NaN,NaN,NaN,NaN,NaN,NaN,NaN,NaN,NaN,NaN,NaN,NaN,NaN,NaN
1,2,38,NaN,-20,20,-20,20,1,2,NaN,NaN,NaN,NaN,NaN,NaN,NaN,NaN,NaN,NaN,2,0,1,0.34982,NaN,0.01,NaN,7.0995e+05,7.0995e+05,NaN,NaN,NaN,NaN,NaN,NaN,NaN,NaN,NaN,NaN,NaN,NaN,NaN,NaN,NaN,NaN,NaN,NaN,NaN,NaN,NaN
1,2,39,NaN,-20,-20,-20,-20,2,2,NaN,NaN,NaN,NaN,NaN,NaN,NaN,NaN,NaN,NaN,1,1,1,0.29849,NaN,0.255,NaN,7.0995e+05,7.0995e+05,NaN,NaN,NaN,NaN,NaN,NaN,NaN,NaN,NaN,NaN,NaN,NaN,NaN,NaN,NaN,NaN,NaN,NaN,NaN,NaN,NaN
1,2,40,NaN,-20,20,-20,-20,3,2,NaN,NaN,NaN,NaN,NaN,NaN,NaN,NaN,NaN,NaN,1,1,1,0.59105,NaN,0.08,NaN,7.0996e+05,7.0996e+05,NaN,NaN,NaN,NaN,NaN,NaN,NaN,NaN,NaN,NaN,NaN,NaN,NaN,NaN,NaN,NaN,NaN,NaN,NaN,NaN,NaN
1,2,41,NaN,20,20,20,-20,2,2,NaN,NaN,NaN,NaN,NaN,NaN,NaN,NaN,NaN,NaN,2,1,1,0.18306,NaN,0.255,NaN,7.0996e+05,7.0996e+05,NaN,NaN,NaN,NaN,NaN,NaN,NaN,NaN,NaN,NaN,NaN,NaN,NaN,NaN,NaN,NaN,NaN,NaN,NaN,NaN,NaN
1,2,42,NaN,20,20,20,-20,2,2,NaN,NaN,NaN,NaN,NaN,NaN,NaN,NaN,NaN,NaN,1,0,1,0.33709,NaN,0.22,NaN,7.0996e+05,7.0996e+05,NaN,NaN,NaN,NaN,NaN,NaN,NaN,NaN,NaN,NaN,NaN,NaN,NaN,NaN,NaN,NaN,NaN,NaN,NaN,NaN,NaN
1,2,43,NaN,-20,-20,-20,-20,1,2,NaN,NaN,NaN,NaN,NaN,NaN,NaN,NaN,NaN,NaN,898,898,-1,NaN,NaN,NaN,NaN,NaN,NaN,NaN,NaN,NaN,NaN,NaN,NaN,NaN,NaN,NaN,NaN,NaN,NaN,NaN,NaN,NaN,NaN,NaN,NaN,NaN,NaN,NaN
1,2,44,NaN,20,-20,20,20,1,2,NaN,NaN,NaN,NaN,NaN,NaN,NaN,NaN,NaN,NaN,898,898,-1,NaN,NaN,NaN,NaN,NaN,NaN,NaN,NaN,NaN,NaN,NaN,NaN,NaN,NaN,NaN,NaN,NaN,NaN,NaN,NaN,NaN,NaN,NaN,NaN,NaN,NaN,NaN
1,2,45,NaN,-20,-20,20,20,2,2,NaN,NaN,NaN,NaN,NaN,NaN,NaN,NaN,NaN,NaN,1,1,1,0.38027,NaN,0.255,NaN,7.0997e+05,7.0997e+05,NaN,NaN,NaN,NaN,NaN,NaN,NaN,NaN,NaN,NaN,NaN,NaN,NaN,NaN,NaN,NaN,NaN,NaN,NaN,NaN,NaN
1,2,46,NaN,20,20,20,-20,2,2,NaN,NaN,NaN,NaN,NaN,NaN,NaN,NaN,NaN,NaN,2,1,1,0.56296,NaN,0.255,NaN,7.0997e+05,7.0997e+05,NaN,NaN,NaN,NaN,NaN,NaN,NaN,NaN,NaN,NaN,NaN,NaN,NaN,NaN,NaN,NaN,NaN,NaN,NaN,NaN,NaN
1,2,47,NaN,20,-20,-20,-20,3,2,NaN,NaN,NaN,NaN,NaN,NaN,NaN,NaN,NaN,NaN,1,1,1,0.50853,NaN,0.01,NaN,7.0997e+05,7.0997e+05,NaN,NaN,NaN,NaN,NaN,NaN,NaN,NaN,NaN,NaN,NaN,NaN,NaN,NaN,NaN,NaN,NaN,NaN,NaN,NaN,NaN
1,2,48,NaN,-20,20,-20,20,3,2,NaN,NaN,NaN,NaN,NaN,NaN,NaN,NaN,NaN,NaN,2,0,1,0.38055,NaN,0.01,NaN,7.0998e+05,7.0998e+05,NaN,NaN,NaN,NaN,NaN,NaN,NaN,NaN,NaN,NaN,NaN,NaN,NaN,NaN,NaN,NaN,NaN,NaN,NaN,NaN,NaN
1,2,49,NaN,20,20,-20,20,3,2,NaN,NaN,NaN,NaN,NaN,NaN,NaN,NaN,NaN,NaN,2,0,1,0.76252,NaN,0.08,NaN,7.0998e+05,7.0998e+05,NaN,NaN,NaN,NaN,NaN,NaN,NaN,NaN,NaN,NaN,NaN,NaN,NaN,NaN,NaN,NaN,NaN,NaN,NaN,NaN,NaN
1,2,50,NaN,20,-20,-20,-20,1,2,NaN,NaN,NaN,NaN,NaN,NaN,NaN,NaN,NaN,NaN,898,898,-1,NaN,NaN,NaN,NaN,NaN,NaN,NaN,NaN,NaN,NaN,NaN,NaN,NaN,NaN,NaN,NaN,NaN,NaN,NaN,NaN,NaN,NaN,NaN,NaN,NaN,NaN,NaN
1,2,51,NaN,-20,20,20,-20,3,2,NaN,NaN,NaN,NaN,NaN,NaN,NaN,NaN,NaN,NaN,1,0,1,0.5475,NaN,0.115,NaN,7.0999e+05,7.0999e+05,NaN,NaN,NaN,NaN,NaN,NaN,NaN,NaN,NaN,NaN,NaN,NaN,NaN,NaN,NaN,NaN,NaN,NaN,NaN,NaN,NaN
1,2,52,NaN,20,-20,-20,-20,3,2,NaN,NaN,NaN,NaN,NaN,NaN,NaN,NaN,NaN,NaN,1,1,1,1.1277,NaN,0.15,NaN,7.0999e+05,7.0999e+05,NaN,NaN,NaN,NaN,NaN,NaN,NaN,NaN,NaN,NaN,NaN,NaN,NaN,NaN,NaN,NaN,NaN,NaN,NaN,NaN,NaN
1,2,53,NaN,-20,20,-20,-20,4,2,NaN,NaN,NaN,NaN,NaN,NaN,NaN,NaN,NaN,NaN,1,1,1,0.92929,NaN,0.08,NaN,7.0999e+05,7.0999e+05,NaN,NaN,NaN,NaN,NaN,NaN,NaN,NaN,NaN,NaN,NaN,NaN,NaN,NaN,NaN,NaN,NaN,NaN,NaN,NaN,NaN
1,2,54,NaN,-20,-20,-20,20,3,2,NaN,NaN,NaN,NaN,NaN,NaN,NaN,NaN,NaN,NaN,1,1,1,0.49245,NaN,0.15,NaN,7.1e+05,7.1e+05,NaN,NaN,NaN,NaN,NaN,NaN,NaN,NaN,NaN,NaN,NaN,NaN,NaN,NaN,NaN,NaN,NaN,NaN,NaN,NaN,NaN
1,2,55,NaN,-20,20,-20,20,4,2,NaN,NaN,NaN,NaN,NaN,NaN,NaN,NaN,NaN,NaN,2,1,1,0.28353,NaN,0.045,NaN,7.1e+05,7.1e+05,NaN,NaN,NaN,NaN,NaN,NaN,NaN,NaN,NaN,NaN,NaN,NaN,NaN,NaN,NaN,NaN,NaN,NaN,NaN,NaN,NaN
1,2,56,NaN,-20,20,20,20,1,2,NaN,NaN,NaN,NaN,NaN,NaN,NaN,NaN,NaN,NaN,1,1,1,0.83774,NaN,0.08,NaN,7.1e+05,7.1e+05,NaN,NaN,NaN,NaN,NaN,NaN,NaN,NaN,NaN,NaN,NaN,NaN,NaN,NaN,NaN,NaN,NaN,NaN,NaN,NaN,NaN
1,2,57,NaN,20,20,20,20,2,2,NaN,NaN,NaN,NaN,NaN,NaN,NaN,NaN,NaN,NaN,2,1,1,0.26746,NaN,0.255,NaN,7.1e+05,7.1e+05,NaN,NaN,NaN,NaN,NaN,NaN,NaN,NaN,NaN,NaN,NaN,NaN,NaN,NaN,NaN,NaN,NaN,NaN,NaN,NaN,NaN
1,2,58,NaN,-20,-20,20,-20,3,2,NaN,NaN,NaN,NaN,NaN,NaN,NaN,NaN,NaN,NaN,2,1,1,0.31479,NaN,0.15,NaN,7.1001e+05,7.1001e+05,NaN,NaN,NaN,NaN,NaN,NaN,NaN,NaN,NaN,NaN,NaN,NaN,NaN,NaN,NaN,NaN,NaN,NaN,NaN,NaN,NaN
1,2,59,NaN,20,-20,20,-20,4,2,NaN,NaN,NaN,NaN,NaN,NaN,NaN,NaN,NaN,NaN,898,898,-1,NaN,NaN,NaN,NaN,NaN,NaN,NaN,NaN,NaN,NaN,NaN,NaN,NaN,NaN,NaN,NaN,NaN,NaN,NaN,NaN,NaN,NaN,NaN,NaN,NaN,NaN,NaN
1,2,60,NaN,-20,20,20,20,2,2,NaN,NaN,NaN,NaN,NaN,NaN,NaN,NaN,NaN,NaN,2,1,1,0.2254,NaN,0.2375,NaN,7.1001e+05,7.1001e+05,NaN,NaN,NaN,NaN,NaN,NaN,NaN,NaN,NaN,NaN,NaN,NaN,NaN,NaN,NaN,NaN,NaN,NaN,NaN,NaN,NaN
1,2,61,NaN,-20,-20,20,20,2,2,NaN,NaN,NaN,NaN,NaN,NaN,NaN,NaN,NaN,NaN,1,1,1,0.53834,NaN,0.2375,NaN,7.1001e+05,7.1002e+05,NaN,NaN,NaN,NaN,NaN,NaN,NaN,NaN,NaN,NaN,NaN,NaN,NaN,NaN,NaN,NaN,NaN,NaN,NaN,NaN,NaN
1,2,62,NaN,20,20,20,20,4,2,NaN,NaN,NaN,NaN,NaN,NaN,NaN,NaN,NaN,NaN,898,898,-1,NaN,NaN,NaN,NaN,NaN,NaN,NaN,NaN,NaN,NaN,NaN,NaN,NaN,NaN,NaN,NaN,NaN,NaN,NaN,NaN,NaN,NaN,NaN,NaN,NaN,NaN,NaN
1,2,63,NaN,-20,-20,-20,-20,3,2,NaN,NaN,NaN,NaN,NaN,NaN,NaN,NaN,NaN,NaN,1,1,1,0.92411,NaN,0.115,NaN,7.1002e+05,7.1002e+05,NaN,NaN,NaN,NaN,NaN,NaN,NaN,NaN,NaN,NaN,NaN,NaN,NaN,NaN,NaN,NaN,NaN,NaN,NaN,NaN,NaN
1,2,64,NaN,-20,20,20,20,4,2,NaN,NaN,NaN,NaN,NaN,NaN,NaN,NaN,NaN,NaN,898,898,-1,NaN,NaN,NaN,NaN,NaN,NaN,NaN,NaN,NaN,NaN,NaN,NaN,NaN,NaN,NaN,NaN,NaN,NaN,NaN,NaN,NaN,NaN,NaN,NaN,NaN,NaN,NaN
1,2,65,NaN,-20,-20,20,-20,3,2,NaN,NaN,NaN,NaN,NaN,NaN,NaN,NaN,NaN,NaN,2,1,1,0.38912,NaN,0.115,NaN,7.1003e+05,7.1003e+05,NaN,NaN,NaN,NaN,NaN,NaN,NaN,NaN,NaN,NaN,NaN,NaN,NaN,NaN,NaN,NaN,NaN,NaN,NaN,NaN,NaN
1,2,66,NaN,20,-20,-20,20,1,2,NaN,NaN,NaN,NaN,NaN,NaN,NaN,NaN,NaN,NaN,2,1,1,0.55535,NaN,0.08,NaN,7.1003e+05,7.1003e+05,NaN,NaN,NaN,NaN,NaN,NaN,NaN,NaN,NaN,NaN,NaN,NaN,NaN,NaN,NaN,NaN,NaN,NaN,NaN,NaN,NaN
1,2,67,NaN,-20,-20,20,-20,2,2,NaN,NaN,NaN,NaN,NaN,NaN,NaN,NaN,NaN,NaN,898,898,-1,NaN,NaN,NaN,NaN,NaN,NaN,NaN,NaN,NaN,NaN,NaN,NaN,NaN,NaN,NaN,NaN,NaN,NaN,NaN,NaN,NaN,NaN,NaN,NaN,NaN,NaN,NaN
1,2,68,NaN,-20,-20,20,-20,2,2,NaN,NaN,NaN,NaN,NaN,NaN,NaN,NaN,NaN,NaN,1,1,1,0.27963,NaN,0.2375,NaN,7.1004e+05,7.1004e+05,NaN,NaN,NaN,NaN,NaN,NaN,NaN,NaN,NaN,NaN,NaN,NaN,NaN,NaN,NaN,NaN,NaN,NaN,NaN,NaN,NaN
1,2,69,NaN,20,20,-20,-20,4,2,NaN,NaN,NaN,NaN,NaN,NaN,NaN,NaN,NaN,NaN,898,898,-1,NaN,NaN,NaN,NaN,NaN,NaN,NaN,NaN,NaN,NaN,NaN,NaN,NaN,NaN,NaN,NaN,NaN,NaN,NaN,NaN,NaN,NaN,NaN,NaN,NaN,NaN,NaN
1,2,70,NaN,-20,-20,20,-20,2,2,NaN,NaN,NaN,NaN,NaN,NaN,NaN,NaN,NaN,NaN,1,1,1,0.48536,NaN,0.22,NaN,7.1004e+05,7.1004e+05,NaN,NaN,NaN,NaN,NaN,NaN,NaN,NaN,NaN,NaN,NaN,NaN,NaN,NaN,NaN,NaN,NaN,NaN,NaN,NaN,NaN
1,2,71,NaN,20,-20,20,20,1,2,NaN,NaN,NaN,NaN,NaN,NaN,NaN,NaN,NaN,NaN,2,1,1,0.21325,NaN,0.08,NaN,7.1004e+05,7.1004e+05,NaN,NaN,NaN,NaN,NaN,NaN,NaN,NaN,NaN,NaN,NaN,NaN,NaN,NaN,NaN,NaN,NaN,NaN,NaN,NaN,NaN
1,2,72,NaN,20,20,-20,20,3,2,NaN,NaN,NaN,NaN,NaN,NaN,NaN,NaN,NaN,NaN,1,1,1,0.72532,NaN,0.115,NaN,7.1005e+05,7.1005e+05,NaN,NaN,NaN,NaN,NaN,NaN,NaN,NaN,NaN,NaN,NaN,NaN,NaN,NaN,NaN,NaN,NaN,NaN,NaN,NaN,NaN
1,2,73,NaN,20,-20,20,20,1,2,NaN,NaN,NaN,NaN,NaN,NaN,NaN,NaN,NaN,NaN,2,1,1,0.35683,NaN,0.045,NaN,7.1005e+05,7.1005e+05,NaN,NaN,NaN,NaN,NaN,NaN,NaN,NaN,NaN,NaN,NaN,NaN,NaN,NaN,NaN,NaN,NaN,NaN,NaN,NaN,NaN
1,2,74,NaN,20,-20,-20,-20,2,2,NaN,NaN,NaN,NaN,NaN,NaN,NaN,NaN,NaN,NaN,1,1,1,0.32671,NaN,0.22,NaN,7.1005e+05,7.1005e+05,NaN,NaN,NaN,NaN,NaN,NaN,NaN,NaN,NaN,NaN,NaN,NaN,NaN,NaN,NaN,NaN,NaN,NaN,NaN,NaN,NaN
1,2,75,NaN,20,-20,20,-20,3,2,NaN,NaN,NaN,NaN,NaN,NaN,NaN,NaN,NaN,NaN,2,1,1,0.93075,NaN,0.08,NaN,7.1006e+05,7.1006e+05,NaN,NaN,NaN,NaN,NaN,NaN,NaN,NaN,NaN,NaN,NaN,NaN,NaN,NaN,NaN,NaN,NaN,NaN,NaN,NaN,NaN
1,2,76,NaN,20,-20,-20,-20,1,2,NaN,NaN,NaN,NaN,NaN,NaN,NaN,NaN,NaN,NaN,2,1,1,0.691,NaN,0.045,NaN,7.1006e+05,7.1006e+05,NaN,NaN,NaN,NaN,NaN,NaN,NaN,NaN,NaN,NaN,NaN,NaN,NaN,NaN,NaN,NaN,NaN,NaN,NaN,NaN,NaN
1,2,77,NaN,20,20,20,20,3,2,NaN,NaN,NaN,NaN,NaN,NaN,NaN,NaN,NaN,NaN,2,1,1,0.31545,NaN,0.08,NaN,7.1006e+05,7.1006e+05,NaN,NaN,NaN,NaN,NaN,NaN,NaN,NaN,NaN,NaN,NaN,NaN,NaN,NaN,NaN,NaN,NaN,NaN,NaN,NaN,NaN
1,2,78,NaN,20,20,-20,20,1,2,NaN,NaN,NaN,NaN,NaN,NaN,NaN,NaN,NaN,NaN,2,1,1,0.25605,NaN,0.045,NaN,7.1007e+05,7.1007e+05,NaN,NaN,NaN,NaN,NaN,NaN,NaN,NaN,NaN,NaN,NaN,NaN,NaN,NaN,NaN,NaN,NaN,NaN,NaN,NaN,NaN
1,2,79,NaN,20,-20,20,-20,3,2,NaN,NaN,NaN,NaN,NaN,NaN,NaN,NaN,NaN,NaN,1,0,1,1.354,NaN,0.08,NaN,7.1007e+05,7.1007e+05,NaN,NaN,NaN,NaN,NaN,NaN,NaN,NaN,NaN,NaN,NaN,NaN,NaN,NaN,NaN,NaN,NaN,NaN,NaN,NaN,NaN
1,2,80,NaN,20,20,20,20,4,2,NaN,NaN,NaN,NaN,NaN,NaN,NaN,NaN,NaN,NaN,2,1,1,1.1419,NaN,0.045,NaN,7.1007e+05,7.1007e+05,NaN,NaN,NaN,NaN,NaN,NaN,NaN,NaN,NaN,NaN,NaN,NaN,NaN,NaN,NaN,NaN,NaN,NaN,NaN,NaN,NaN
1,2,81,NaN,-20,20,20,20,3,2,NaN,NaN,NaN,NaN,NaN,NaN,NaN,NaN,NaN,NaN,2,1,1,0.35811,NaN,0.115,NaN,7.1008e+05,7.1008e+05,NaN,NaN,NaN,NaN,NaN,NaN,NaN,NaN,NaN,NaN,NaN,NaN,NaN,NaN,NaN,NaN,NaN,NaN,NaN,NaN,NaN
1,2,82,NaN,20,20,20,20,1,2,NaN,NaN,NaN,NaN,NaN,NaN,NaN,NaN,NaN,NaN,898,898,-1,NaN,NaN,NaN,NaN,NaN,NaN,NaN,NaN,NaN,NaN,NaN,NaN,NaN,NaN,NaN,NaN,NaN,NaN,NaN,NaN,NaN,NaN,NaN,NaN,NaN,NaN,NaN
1,2,83,NaN,20,-20,20,-20,4,2,NaN,NaN,NaN,NaN,NaN,NaN,NaN,NaN,NaN,NaN,2,0,1,0.042936,NaN,0.045,NaN,7.1008e+05,7.1008e+05,NaN,NaN,NaN,NaN,NaN,NaN,NaN,NaN,NaN,NaN,NaN,NaN,NaN,NaN,NaN,NaN,NaN,NaN,NaN,NaN,NaN
1,2,84,NaN,-20,20,-20,-20,1,2,NaN,NaN,NaN,NaN,NaN,NaN,NaN,NaN,NaN,NaN,898,898,-1,NaN,NaN,NaN,NaN,NaN,NaN,NaN,NaN,NaN,NaN,NaN,NaN,NaN,NaN,NaN,NaN,NaN,NaN,NaN,NaN,NaN,NaN,NaN,NaN,NaN,NaN,NaN
1,2,85,NaN,-20,-20,-20,-20,4,2,NaN,NaN,NaN,NaN,NaN,NaN,NaN,NaN,NaN,NaN,1,1,1,1.7367,NaN,0.08,NaN,7.1009e+05,7.1009e+05,NaN,NaN,NaN,NaN,NaN,NaN,NaN,NaN,NaN,NaN,NaN,NaN,NaN,NaN,NaN,NaN,NaN,NaN,NaN,NaN,NaN
1,2,86,NaN,-20,20,20,-20,1,2,NaN,NaN,NaN,NaN,NaN,NaN,NaN,NaN,NaN,NaN,2,0,1,0.65866,NaN,0.01,NaN,7.1009e+05,7.1009e+05,NaN,NaN,NaN,NaN,NaN,NaN,NaN,NaN,NaN,NaN,NaN,NaN,NaN,NaN,NaN,NaN,NaN,NaN,NaN,NaN,NaN
1,2,87,NaN,-20,-20,20,20,3,2,NaN,NaN,NaN,NaN,NaN,NaN,NaN,NaN,NaN,NaN,2,1,1,0.70517,NaN,0.115,NaN,7.1009e+05,7.1009e+05,NaN,NaN,NaN,NaN,NaN,NaN,NaN,NaN,NaN,NaN,NaN,NaN,NaN,NaN,NaN,NaN,NaN,NaN,NaN,NaN,NaN
1,2,88,NaN,20,20,-20,-20,1,2,NaN,NaN,NaN,NaN,NaN,NaN,NaN,NaN,NaN,NaN,2,1,1,0.21746,NaN,0.045,NaN,7.101e+05,7.101e+05,NaN,NaN,NaN,NaN,NaN,NaN,NaN,NaN,NaN,NaN,NaN,NaN,NaN,NaN,NaN,NaN,NaN,NaN,NaN,NaN,NaN
1,2,89,NaN,-20,-20,-20,20,2,2,NaN,NaN,NaN,NaN,NaN,NaN,NaN,NaN,NaN,NaN,1,1,1,0.22533,NaN,0.22,NaN,7.101e+05,7.101e+05,NaN,NaN,NaN,NaN,NaN,NaN,NaN,NaN,NaN,NaN,NaN,NaN,NaN,NaN,NaN,NaN,NaN,NaN,NaN,NaN,NaN
1,2,90,NaN,20,20,20,-20,1,2,NaN,NaN,NaN,NaN,NaN,NaN,NaN,NaN,NaN,NaN,2,1,1,0.20962,NaN,0.045,NaN,7.101e+05,7.101e+05,NaN,NaN,NaN,NaN,NaN,NaN,NaN,NaN,NaN,NaN,NaN,NaN,NaN,NaN,NaN,NaN,NaN,NaN,NaN,NaN,NaN
1,2,91,NaN,20,20,20,20,3,2,NaN,NaN,NaN,NaN,NaN,NaN,NaN,NaN,NaN,NaN,2,1,1,1.1867,NaN,0.115,NaN,7.1011e+05,7.1011e+05,NaN,NaN,NaN,NaN,NaN,NaN,NaN,NaN,NaN,NaN,NaN,NaN,NaN,NaN,NaN,NaN,NaN,NaN,NaN,NaN,NaN
1,2,92,NaN,-20,-20,20,-20,2,2,NaN,NaN,NaN,NaN,NaN,NaN,NaN,NaN,NaN,NaN,1,1,1,0.21808,NaN,0.2025,NaN,7.1011e+05,7.1011e+05,NaN,NaN,NaN,NaN,NaN,NaN,NaN,NaN,NaN,NaN,NaN,NaN,NaN,NaN,NaN,NaN,NaN,NaN,NaN,NaN,NaN
1,2,93,NaN,-20,20,-20,20,4,2,NaN,NaN,NaN,NaN,NaN,NaN,NaN,NaN,NaN,NaN,2,1,1,0.14427,NaN,0.08,NaN,7.1011e+05,7.1011e+05,NaN,NaN,NaN,NaN,NaN,NaN,NaN,NaN,NaN,NaN,NaN,NaN,NaN,NaN,NaN,NaN,NaN,NaN,NaN,NaN,NaN
1,2,94,NaN,-20,-20,-20,-20,3,2,NaN,NaN,NaN,NaN,NaN,NaN,NaN,NaN,NaN,NaN,1,1,1,0.27266,NaN,0.0975,NaN,7.1011e+05,7.1011e+05,NaN,NaN,NaN,NaN,NaN,NaN,NaN,NaN,NaN,NaN,NaN,NaN,NaN,NaN,NaN,NaN,NaN,NaN,NaN,NaN,NaN
1,2,95,NaN,20,-20,20,20,1,2,NaN,NaN,NaN,NaN,NaN,NaN,NaN,NaN,NaN,NaN,2,1,1,0.17884,NaN,0.045,NaN,7.1012e+05,7.1012e+05,NaN,NaN,NaN,NaN,NaN,NaN,NaN,NaN,NaN,NaN,NaN,NaN,NaN,NaN,NaN,NaN,NaN,NaN,NaN,NaN,NaN
1,2,96,NaN,-20,-20,-20,20,3,2,NaN,NaN,NaN,NaN,NaN,NaN,NaN,NaN,NaN,NaN,898,898,-1,NaN,NaN,NaN,NaN,NaN,NaN,NaN,NaN,NaN,NaN,NaN,NaN,NaN,NaN,NaN,NaN,NaN,NaN,NaN,NaN,NaN,NaN,NaN,NaN,NaN,NaN,NaN
1,2,97,NaN,-20,-20,-20,20,1,2,NaN,NaN,NaN,NaN,NaN,NaN,NaN,NaN,NaN,NaN,2,0,1,0.29599,NaN,0.0275,NaN,7.1012e+05,7.1012e+05,NaN,NaN,NaN,NaN,NaN,NaN,NaN,NaN,NaN,NaN,NaN,NaN,NaN,NaN,NaN,NaN,NaN,NaN,NaN,NaN,NaN
1,2,98,NaN,-20,20,20,-20,4,2,NaN,NaN,NaN,NaN,NaN,NaN,NaN,NaN,NaN,NaN,1,1,1,0.22952,NaN,0.08,NaN,7.1012e+05,7.1012e+05,NaN,NaN,NaN,NaN,NaN,NaN,NaN,NaN,NaN,NaN,NaN,NaN,NaN,NaN,NaN,NaN,NaN,NaN,NaN,NaN,NaN
1,2,99,NaN,20,20,20,-20,2,2,NaN,NaN,NaN,NaN,NaN,NaN,NaN,NaN,NaN,NaN,2,1,1,0.22142,NaN,0.2025,NaN,7.1013e+05,7.1013e+05,NaN,NaN,NaN,NaN,NaN,NaN,NaN,NaN,NaN,NaN,NaN,NaN,NaN,NaN,NaN,NaN,NaN,NaN,NaN,NaN,NaN
1,2,100,NaN,-20,-20,20,-20,1,2,NaN,NaN,NaN,NaN,NaN,NaN,NaN,NaN,NaN,NaN,2,0,1,0.60611,NaN,0.045,NaN,7.1013e+05,7.1013e+05,NaN,NaN,NaN,NaN,NaN,NaN,NaN,NaN,NaN,NaN,NaN,NaN,NaN,NaN,NaN,NaN,NaN,NaN,NaN,NaN,NaN
1,2,1,NaN,-20,-20,-20,-20,4,2,NaN,NaN,NaN,NaN,NaN,NaN,NaN,NaN,NaN,NaN,898,898,-1,NaN,NaN,NaN,NaN,NaN,NaN,NaN,NaN,NaN,NaN,NaN,NaN,NaN,NaN,NaN,NaN,NaN,NaN,NaN,NaN,NaN,NaN,NaN,NaN,NaN,NaN,NaN
1,2,8,NaN,-20,20,20,-20,1,2,NaN,NaN,NaN,NaN,NaN,NaN,NaN,NaN,NaN,NaN,1,1,1,0.38617,NaN,0.0625,NaN,7.1013e+05,7.1014e+05,NaN,NaN,NaN,NaN,NaN,NaN,NaN,NaN,NaN,NaN,NaN,NaN,NaN,NaN,NaN,NaN,NaN,NaN,NaN,NaN,NaN
1,2,9,NaN,-20,-20,-20,-20,3,2,NaN,NaN,NaN,NaN,NaN,NaN,NaN,NaN,NaN,NaN,898,898,-1,NaN,NaN,NaN,NaN,NaN,NaN,NaN,NaN,NaN,NaN,NaN,NaN,NaN,NaN,NaN,NaN,NaN,NaN,NaN,NaN,NaN,NaN,NaN,NaN,NaN,NaN,NaN
1,2,11,NaN,-20,20,20,20,4,2,NaN,NaN,NaN,NaN,NaN,NaN,NaN,NaN,NaN,NaN,2,1,1,0.37004,NaN,0.0625,NaN,7.1014e+05,7.1014e+05,NaN,NaN,NaN,NaN,NaN,NaN,NaN,NaN,NaN,NaN,NaN,NaN,NaN,NaN,NaN,NaN,NaN,NaN,NaN,NaN,NaN
1,2,12,NaN,-20,-20,-20,-20,2,2,NaN,NaN,NaN,NaN,NaN,NaN,NaN,NaN,NaN,NaN,898,898,-1,NaN,NaN,NaN,NaN,NaN,NaN,NaN,NaN,NaN,NaN,NaN,NaN,NaN,NaN,NaN,NaN,NaN,NaN,NaN,NaN,NaN,NaN,NaN,NaN,NaN,NaN,NaN
1,2,26,NaN,-20,-20,20,20,4,2,NaN,NaN,NaN,NaN,NaN,NaN,NaN,NaN,NaN,NaN,2,1,1,0.68755,NaN,0.0625,NaN,7.1014e+05,7.1014e+05,NaN,NaN,NaN,NaN,NaN,NaN,NaN,NaN,NaN,NaN,NaN,NaN,NaN,NaN,NaN,NaN,NaN,NaN,NaN,NaN,NaN
1,2,31,NaN,-20,-20,20,-20,4,2,NaN,NaN,NaN,NaN,NaN,NaN,NaN,NaN,NaN,NaN,2,0,1,0.68363,NaN,0.0625,NaN,7.1015e+05,7.1015e+05,NaN,NaN,NaN,NaN,NaN,NaN,NaN,NaN,NaN,NaN,NaN,NaN,NaN,NaN,NaN,NaN,NaN,NaN,NaN,NaN,NaN
1,2,43,NaN,-20,-20,-20,-20,1,2,NaN,NaN,NaN,NaN,NaN,NaN,NaN,NaN,NaN,NaN,898,898,-1,NaN,NaN,NaN,NaN,NaN,NaN,NaN,NaN,NaN,NaN,NaN,NaN,NaN,NaN,NaN,NaN,NaN,NaN,NaN,NaN,NaN,NaN,NaN,NaN,NaN,NaN,NaN
1,2,44,NaN,20,-20,20,20,1,2,NaN,NaN,NaN,NaN,NaN,NaN,NaN,NaN,NaN,NaN,2,1,1,0.1398,NaN,0.0625,NaN,7.1015e+05,7.1015e+05,NaN,NaN,NaN,NaN,NaN,NaN,NaN,NaN,NaN,NaN,NaN,NaN,NaN,NaN,NaN,NaN,NaN,NaN,NaN,NaN,NaN
1,2,50,NaN,20,-20,-20,-20,1,2,NaN,NaN,NaN,NaN,NaN,NaN,NaN,NaN,NaN,NaN,2,1,1,0.77522,NaN,0.0625,NaN,7.1016e+05,7.1016e+05,NaN,NaN,NaN,NaN,NaN,NaN,NaN,NaN,NaN,NaN,NaN,NaN,NaN,NaN,NaN,NaN,NaN,NaN,NaN,NaN,NaN
1,2,59,NaN,20,-20,20,-20,4,2,NaN,NaN,NaN,NaN,NaN,NaN,NaN,NaN,NaN,NaN,1,1,1,1.6111,NaN,0.08,NaN,7.1016e+05,7.1016e+05,NaN,NaN,NaN,NaN,NaN,NaN,NaN,NaN,NaN,NaN,NaN,NaN,NaN,NaN,NaN,NaN,NaN,NaN,NaN,NaN,NaN
1,2,62,NaN,20,20,20,20,4,2,NaN,NaN,NaN,NaN,NaN,NaN,NaN,NaN,NaN,NaN,898,898,-1,NaN,NaN,NaN,NaN,NaN,NaN,NaN,NaN,NaN,NaN,NaN,NaN,NaN,NaN,NaN,NaN,NaN,NaN,NaN,NaN,NaN,NaN,NaN,NaN,NaN,NaN,NaN
1,2,64,NaN,-20,20,20,20,4,2,NaN,NaN,NaN,NaN,NaN,NaN,NaN,NaN,NaN,NaN,898,898,-1,NaN,NaN,NaN,NaN,NaN,NaN,NaN,NaN,NaN,NaN,NaN,NaN,NaN,NaN,NaN,NaN,NaN,NaN,NaN,NaN,NaN,NaN,NaN,NaN,NaN,NaN,NaN
1,2,67,NaN,-20,-20,20,-20,2,2,NaN,NaN,NaN,NaN,NaN,NaN,NaN,NaN,NaN,NaN,1,1,1,1.0865,NaN,0.2025,NaN,7.1017e+05,7.1017e+05,NaN,NaN,NaN,NaN,NaN,NaN,NaN,NaN,NaN,NaN,NaN,NaN,NaN,NaN,NaN,NaN,NaN,NaN,NaN,NaN,NaN
1,2,69,NaN,20,20,-20,-20,4,2,NaN,NaN,NaN,NaN,NaN,NaN,NaN,NaN,NaN,NaN,2,0,1,0.71169,NaN,0.08,NaN,7.1018e+05,7.1018e+05,NaN,NaN,NaN,NaN,NaN,NaN,NaN,NaN,NaN,NaN,NaN,NaN,NaN,NaN,NaN,NaN,NaN,NaN,NaN,NaN,NaN
1,2,82,NaN,20,20,20,20,1,2,NaN,NaN,NaN,NaN,NaN,NaN,NaN,NaN,NaN,NaN,2,1,1,0.40001,NaN,0.045,NaN,7.1018e+05,7.1018e+05,NaN,NaN,NaN,NaN,NaN,NaN,NaN,NaN,NaN,NaN,NaN,NaN,NaN,NaN,NaN,NaN,NaN,NaN,NaN,NaN,NaN
1,2,84,NaN,-20,20,-20,-20,1,2,NaN,NaN,NaN,NaN,NaN,NaN,NaN,NaN,NaN,NaN,1,1,1,0.19066,NaN,0.045,NaN,7.1018e+05,7.1018e+05,NaN,NaN,NaN,NaN,NaN,NaN,NaN,NaN,NaN,NaN,NaN,NaN,NaN,NaN,NaN,NaN,NaN,NaN,NaN,NaN,NaN
1,2,96,NaN,-20,-20,-20,20,3,2,NaN,NaN,NaN,NaN,NaN,NaN,NaN,NaN,NaN,NaN,898,898,-1,NaN,NaN,NaN,NaN,NaN,NaN,NaN,NaN,NaN,NaN,NaN,NaN,NaN,NaN,NaN,NaN,NaN,NaN,NaN,NaN,NaN,NaN,NaN,NaN,NaN,NaN,NaN
1,2,1,NaN,-20,-20,-20,-20,4,2,NaN,NaN,NaN,NaN,NaN,NaN,NaN,NaN,NaN,NaN,898,898,-1,NaN,NaN,NaN,NaN,NaN,NaN,NaN,NaN,NaN,NaN,NaN,NaN,NaN,NaN,NaN,NaN,NaN,NaN,NaN,NaN,NaN,NaN,NaN,NaN,NaN,NaN,NaN
1,2,9,NaN,-20,-20,-20,-20,3,2,NaN,NaN,NaN,NaN,NaN,NaN,NaN,NaN,NaN,NaN,2,0,1,0.27965,NaN,0.0975,NaN,7.1019e+05,7.1019e+05,NaN,NaN,NaN,NaN,NaN,NaN,NaN,NaN,NaN,NaN,NaN,NaN,NaN,NaN,NaN,NaN,NaN,NaN,NaN,NaN,NaN
1,2,12,NaN,-20,-20,-20,-20,2,2,NaN,NaN,NaN,NaN,NaN,NaN,NaN,NaN,NaN,NaN,1,1,1,0.60655,NaN,0.185,NaN,7.1019e+05,7.1019e+05,NaN,NaN,NaN,NaN,NaN,NaN,NaN,NaN,NaN,NaN,NaN,NaN,NaN,NaN,NaN,NaN,NaN,NaN,NaN,NaN,NaN
1,2,43,NaN,-20,-20,-20,-20,1,2,NaN,NaN,NaN,NaN,NaN,NaN,NaN,NaN,NaN,NaN,1,1,1,0.81545,NaN,0.045,NaN,7.102e+05,7.102e+05,NaN,NaN,NaN,NaN,NaN,NaN,NaN,NaN,NaN,NaN,NaN,NaN,NaN,NaN,NaN,NaN,NaN,NaN,NaN,NaN,NaN
1,2,62,NaN,20,20,20,20,4,2,NaN,NaN,NaN,NaN,NaN,NaN,NaN,NaN,NaN,NaN,2,1,1,0.32681,NaN,0.0975,NaN,7.102e+05,7.102e+05,NaN,NaN,NaN,NaN,NaN,NaN,NaN,NaN,NaN,NaN,NaN,NaN,NaN,NaN,NaN,NaN,NaN,NaN,NaN,NaN,NaN
1,2,64,NaN,-20,20,20,20,4,2,NaN,NaN,NaN,NaN,NaN,NaN,NaN,NaN,NaN,NaN,2,1,1,0.12073,NaN,0.0975,NaN,7.1021e+05,7.1021e+05,NaN,NaN,NaN,NaN,NaN,NaN,NaN,NaN,NaN,NaN,NaN,NaN,NaN,NaN,NaN,NaN,NaN,NaN,NaN,NaN,NaN
1,2,96,NaN,-20,-20,-20,20,3,2,NaN,NaN,NaN,NaN,NaN,NaN,NaN,NaN,NaN,NaN,1,1,1,0.58984,NaN,0.115,NaN,7.1021e+05,7.1021e+05,NaN,NaN,NaN,NaN,NaN,NaN,NaN,NaN,NaN,NaN,NaN,NaN,NaN,NaN,NaN,NaN,NaN,NaN,NaN,NaN,NaN
1,2,1,NaN,-20,-20,-20,-20,4,2,NaN,NaN,NaN,NaN,NaN,NaN,NaN,NaN,NaN,NaN,1,1,1,0.28004,NaN,0.0975,NaN,7.1021e+05,7.1021e+05,NaN,NaN,NaN,NaN,NaN,NaN,NaN,NaN,NaN,NaN,NaN,NaN,NaN,NaN,NaN,NaN,NaN,NaN,NaN,NaN,NaN
