2,2,1,NaN,-20,20,-20,20,1,2,NaN,NaN,NaN,NaN,NaN,NaN,NaN,NaN,NaN,NaN,2,0,1,0.68408,NaN,0.099625,NaN,1.2398e+06,1.2398e+06,NaN,NaN,NaN,NaN,NaN,NaN,NaN,NaN,NaN,NaN,NaN,NaN,NaN,NaN,NaN,NaN,NaN,NaN,NaN,NaN,NaN
2,2,2,NaN,20,20,20,-20,3,2,NaN,NaN,NaN,NaN,NaN,NaN,NaN,NaN,NaN,NaN,2,1,1,0.75294,NaN,0.099625,NaN,1.2398e+06,1.2398e+06,NaN,NaN,NaN,NaN,NaN,NaN,NaN,NaN,NaN,NaN,NaN,NaN,NaN,NaN,NaN,NaN,NaN,NaN,NaN,NaN,NaN
2,2,3,NaN,20,-20,20,-20,3,2,NaN,NaN,NaN,NaN,NaN,NaN,NaN,NaN,NaN,NaN,2,1,1,0.63192,NaN,0.099625,NaN,1.2398e+06,1.2398e+06,NaN,NaN,NaN,NaN,NaN,NaN,NaN,NaN,NaN,NaN,NaN,NaN,NaN,NaN,NaN,NaN,NaN,NaN,NaN,NaN,NaN
2,2,4,NaN,-20,-20,-20,-20,3,2,NaN,NaN,NaN,NaN,NaN,NaN,NaN,NaN,NaN,NaN,1,1,1,0.56118,NaN,0.099625,NaN,1.2398e+06,1.2398e+06,NaN,NaN,NaN,NaN,NaN,NaN,NaN,NaN,NaN,NaN,NaN,NaN,NaN,NaN,NaN,NaN,NaN,NaN,NaN,NaN,NaN
2,2,5,NaN,-20,20,20,20,1,2,NaN,NaN,NaN,NaN,NaN,NaN,NaN,NaN,NaN,NaN,1,1,1,0.64005,NaN,0.11463,NaN,1.2398e+06,1.2398e+06,NaN,NaN,NaN,NaN,NaN,NaN,NaN,NaN,NaN,NaN,NaN,NaN,NaN,NaN,NaN,NaN,NaN,NaN,NaN,NaN,NaN
2,2,6,NaN,-20,20,-20,-20,2,2,NaN,NaN,NaN,NaN,NaN,NaN,NaN,NaN,NaN,NaN,2,1,1,0.62488,NaN,0.099625,NaN,1.2398e+06,1.2398e+06,NaN,NaN,NaN,NaN,NaN,NaN,NaN,NaN,NaN,NaN,NaN,NaN,NaN,NaN,NaN,NaN,NaN,NaN,NaN,NaN,NaN
2,2,7,NaN,-20,-20,20,-20,1,2,NaN,NaN,NaN,NaN,NaN,NaN,NaN,NaN,NaN,NaN,1,1,1,0.64555,NaN,0.11463,NaN,1.2398e+06,1.2398e+06,NaN,NaN,NaN,NaN,NaN,NaN,NaN,NaN,NaN,NaN,NaN,NaN,NaN,NaN,NaN,NaN,NaN,NaN,NaN,NaN,NaN
2,2,8,NaN,20,-20,20,20,3,2,NaN,NaN,NaN,NaN,NaN,NaN,NaN,NaN,NaN,NaN,2,1,1,0.63039,NaN,0.084625,NaN,1.2398e+06,1.2398e+06,NaN,NaN,NaN,NaN,NaN,NaN,NaN,NaN,NaN,NaN,NaN,NaN,NaN,NaN,NaN,NaN,NaN,NaN,NaN,NaN,NaN
2,2,9,NaN,-20,20,20,20,4,2,NaN,NaN,NaN,NaN,NaN,NaN,NaN,NaN,NaN,NaN,898,898,-1,NaN,NaN,NaN,NaN,NaN,NaN,NaN,NaN,NaN,NaN,NaN,NaN,NaN,NaN,NaN,NaN,NaN,NaN,NaN,NaN,NaN,NaN,NaN,NaN,NaN,NaN,NaN
2,2,10,NaN,-20,-20,20,20,1,2,NaN,NaN,NaN,NaN,NaN,NaN,NaN,NaN,NaN,NaN,1,1,1,0.38955,NaN,0.11463,NaN,1.2398e+06,1.2398e+06,NaN,NaN,NaN,NaN,NaN,NaN,NaN,NaN,NaN,NaN,NaN,NaN,NaN,NaN,NaN,NaN,NaN,NaN,NaN,NaN,NaN
2,2,11,NaN,-20,20,20,-20,2,2,NaN,NaN,NaN,NaN,NaN,NaN,NaN,NaN,NaN,NaN,1,0,1,1.9822,NaN,0.099625,NaN,1.2398e+06,1.2398e+06,NaN,NaN,NaN,NaN,NaN,NaN,NaN,NaN,NaN,NaN,NaN,NaN,NaN,NaN,NaN,NaN,NaN,NaN,NaN,NaN,NaN
2,2,12,NaN,20,20,20,20,4,2,NaN,NaN,NaN,NaN,NaN,NaN,NaN,NaN,NaN,NaN,2,1,1,0.67359,NaN,0.099625,NaN,1.2398e+06,1.2398e+06,NaN,NaN,NaN,NaN,NaN,NaN,NaN,NaN,NaN,NaN,NaN,NaN,NaN,NaN,NaN,NaN,NaN,NaN,NaN,NaN,NaN
2,2,13,NaN,-20,-20,-20,-20,4,2,NaN,NaN,NaN,NaN,NaN,NaN,NaN,NaN,NaN,NaN,1,1,1,0.63714,NaN,0.099625,NaN,1.2398e+06,1.2398e+06,NaN,NaN,NaN,NaN,NaN,NaN,NaN,NaN,NaN,NaN,NaN,NaN,NaN,NaN,NaN,NaN,NaN,NaN,NaN,NaN,NaN
2,2,14,NaN,20,-20,-20,20,3,2,NaN,NaN,NaN,NaN,NaN,NaN,NaN,NaN,NaN,NaN,1,1,1,0.75553,NaN,0.084625,NaN,1.2398e+06,1.2398e+06,NaN,NaN,NaN,NaN,NaN,NaN,NaN,NaN,NaN,NaN,NaN,NaN,NaN,NaN,NaN,NaN,NaN,NaN,NaN,NaN,NaN
2,2,15,NaN,20,20,-20,20,3,2,NaN,NaN,NaN,NaN,NaN,NaN,NaN,NaN,NaN,NaN,1,1,1,0.74755,NaN,0.084625,NaN,1.2398e+06,1.2398e+06,NaN,NaN,NaN,NaN,NaN,NaN,NaN,NaN,NaN,NaN,NaN,NaN,NaN,NaN,NaN,NaN,NaN,NaN,NaN,NaN,NaN
2,2,16,NaN,20,20,-20,20,3,2,NaN,NaN,NaN,NaN,NaN,NaN,NaN,NaN,NaN,NaN,1,1,1,0.76728,NaN,0.069625,NaN,1.2398e+06,1.2398e+06,NaN,NaN,NaN,NaN,NaN,NaN,NaN,NaN,NaN,NaN,NaN,NaN,NaN,NaN,NaN,NaN,NaN,NaN,NaN,NaN,NaN
2,2,17,NaN,20,20,20,-20,4,2,NaN,NaN,NaN,NaN,NaN,NaN,NaN,NaN,NaN,NaN,1,1,1,0.78587,NaN,0.099625,NaN,1.2398e+06,1.2398e+06,NaN,NaN,NaN,NaN,NaN,NaN,NaN,NaN,NaN,NaN,NaN,NaN,NaN,NaN,NaN,NaN,NaN,NaN,NaN,NaN,NaN
2,2,18,NaN,-20,20,-20,20,3,2,NaN,NaN,NaN,NaN,NaN,NaN,NaN,NaN,NaN,NaN,1,1,1,0.8075,NaN,0.069625,NaN,1.2399e+06,1.2399e+06,NaN,NaN,NaN,NaN,NaN,NaN,NaN,NaN,NaN,NaN,NaN,NaN,NaN,NaN,NaN,NaN,NaN,NaN,NaN,NaN,NaN
2,2,19,NaN,-20,-20,-20,20,2,2,NaN,NaN,NaN,NaN,NaN,NaN,NaN,NaN,NaN,NaN,1,1,1,0.92249,NaN,0.11463,NaN,1.2399e+06,1.2399e+06,NaN,NaN,NaN,NaN,NaN,NaN,NaN,NaN,NaN,NaN,NaN,NaN,NaN,NaN,NaN,NaN,NaN,NaN,NaN,NaN,NaN
2,2,20,NaN,-20,20,20,20,3,2,NaN,NaN,NaN,NaN,NaN,NaN,NaN,NaN,NaN,NaN,2,1,1,0.77145,NaN,0.069625,NaN,1.2399e+06,1.2399e+06,NaN,NaN,NaN,NaN,NaN,NaN,NaN,NaN,NaN,NaN,NaN,NaN,NaN,NaN,NaN,NaN,NaN,NaN,NaN,NaN,NaN
2,2,21,NaN,20,20,-20,-20,4,2,NaN,NaN,NaN,NaN,NaN,NaN,NaN,NaN,NaN,NaN,1,1,1,1.0539,NaN,0.084625,NaN,1.2399e+06,1.2399e+06,NaN,NaN,NaN,NaN,NaN,NaN,NaN,NaN,NaN,NaN,NaN,NaN,NaN,NaN,NaN,NaN,NaN,NaN,NaN,NaN,NaN
2,2,22,NaN,20,-20,-20,20,4,2,NaN,NaN,NaN,NaN,NaN,NaN,NaN,NaN,NaN,NaN,2,1,1,0.84364,NaN,0.084625,NaN,1.2399e+06,1.2399e+06,NaN,NaN,NaN,NaN,NaN,NaN,NaN,NaN,NaN,NaN,NaN,NaN,NaN,NaN,NaN,NaN,NaN,NaN,NaN,NaN,NaN
2,2,23,NaN,-20,-20,-20,-20,2,2,NaN,NaN,NaN,NaN,NaN,NaN,NaN,NaN,NaN,NaN,1,1,1,0.92542,NaN,0.11463,NaN,1.2399e+06,1.2399e+06,NaN,NaN,NaN,NaN,NaN,NaN,NaN,NaN,NaN,NaN,NaN,NaN,NaN,NaN,NaN,NaN,NaN,NaN,NaN,NaN,NaN
2,2,24,NaN,-20,-20,20,20,2,2,NaN,NaN,NaN,NaN,NaN,NaN,NaN,NaN,NaN,NaN,2,0,1,0.82127,NaN,0.11463,NaN,1.2399e+06,1.2399e+06,NaN,NaN,NaN,NaN,NaN,NaN,NaN,NaN,NaN,NaN,NaN,NaN,NaN,NaN,NaN,NaN,NaN,NaN,NaN,NaN,NaN
2,2,25,NaN,-20,-20,20,20,3,2,NaN,NaN,NaN,NaN,NaN,NaN,NaN,NaN,NaN,NaN,1,0,1,0.85631,NaN,0.054625,NaN,1.2399e+06,1.2399e+06,NaN,NaN,NaN,NaN,NaN,NaN,NaN,NaN,NaN,NaN,NaN,NaN,NaN,NaN,NaN,NaN,NaN,NaN,NaN,NaN,NaN
2,2,26,NaN,-20,-20,20,-20,1,2,NaN,NaN,NaN,NaN,NaN,NaN,NaN,NaN,NaN,NaN,898,898,-1,NaN,NaN,NaN,NaN,NaN,NaN,NaN,NaN,NaN,NaN,NaN,NaN,NaN,NaN,NaN,NaN,NaN,NaN,NaN,NaN,NaN,NaN,NaN,NaN,NaN,NaN,NaN
2,2,27,NaN,-20,20,-20,-20,4,2,NaN,NaN,NaN,NaN,NaN,NaN,NaN,NaN,NaN,NaN,1,1,1,0.81911,NaN,0.084625,NaN,1.2399e+06,1.2399e+06,NaN,NaN,NaN,NaN,NaN,NaN,NaN,NaN,NaN,NaN,NaN,NaN,NaN,NaN,NaN,NaN,NaN,NaN,NaN,NaN,NaN
2,2,28,NaN,20,20,-20,20,3,2,NaN,NaN,NaN,NaN,NaN,NaN,NaN,NaN,NaN,NaN,1,1,1,0.72014,NaN,0.069625,NaN,1.2399e+06,1.2399e+06,NaN,NaN,NaN,NaN,NaN,NaN,NaN,NaN,NaN,NaN,NaN,NaN,NaN,NaN,NaN,NaN,NaN,NaN,NaN,NaN,NaN
2,2,29,NaN,20,20,-20,20,1,2,NaN,NaN,NaN,NaN,NaN,NaN,NaN,NaN,NaN,NaN,898,898,-1,NaN,NaN,NaN,NaN,NaN,NaN,NaN,NaN,NaN,NaN,NaN,NaN,NaN,NaN,NaN,NaN,NaN,NaN,NaN,NaN,NaN,NaN,NaN,NaN,NaN,NaN,NaN
2,2,30,NaN,20,20,20,-20,3,2,NaN,NaN,NaN,NaN,NaN,NaN,NaN,NaN,NaN,NaN,2,1,1,0.92056,NaN,0.069625,NaN,1.2399e+06,1.2399e+06,NaN,NaN,NaN,NaN,NaN,NaN,NaN,NaN,NaN,NaN,NaN,NaN,NaN,NaN,NaN,NaN,NaN,NaN,NaN,NaN,NaN
2,2,31,NaN,20,-20,-20,20,3,2,NaN,NaN,NaN,NaN,NaN,NaN,NaN,NaN,NaN,NaN,1,1,1,0.80334,NaN,0.069625,NaN,1.2399e+06,1.2399e+06,NaN,NaN,NaN,NaN,NaN,NaN,NaN,NaN,NaN,NaN,NaN,NaN,NaN,NaN,NaN,NaN,NaN,NaN,NaN,NaN,NaN
2,2,32,NaN,20,20,20,-20,1,2,NaN,NaN,NaN,NaN,NaN,NaN,NaN,NaN,NaN,NaN,2,1,1,0.83757,NaN,0.099625,NaN,1.2399e+06,1.2399e+06,NaN,NaN,NaN,NaN,NaN,NaN,NaN,NaN,NaN,NaN,NaN,NaN,NaN,NaN,NaN,NaN,NaN,NaN,NaN,NaN,NaN
2,2,33,NaN,-20,-20,20,20,4,2,NaN,NaN,NaN,NaN,NaN,NaN,NaN,NaN,NaN,NaN,2,1,1,0.97234,NaN,0.069625,NaN,1.2399e+06,1.2399e+06,NaN,NaN,NaN,NaN,NaN,NaN,NaN,NaN,NaN,NaN,NaN,NaN,NaN,NaN,NaN,NaN,NaN,NaN,NaN,NaN,NaN
2,2,34,NaN,-20,-20,-20,-20,4,2,NaN,NaN,NaN,NaN,NaN,NaN,NaN,NaN,NaN,NaN,1,1,1,2.6703,NaN,0.069625,NaN,1.2399e+06,1.2399e+06,NaN,NaN,NaN,NaN,NaN,NaN,NaN,NaN,NaN,NaN,NaN,NaN,NaN,NaN,NaN,NaN,NaN,NaN,NaN,NaN,NaN
2,2,35,NaN,-20,20,-20,20,1,2,NaN,NaN,NaN,NaN,NaN,NaN,NaN,NaN,NaN,NaN,2,0,1,1.0703,NaN,0.099625,NaN,1.2399e+06,1.2399e+06,NaN,NaN,NaN,NaN,NaN,NaN,NaN,NaN,NaN,NaN,NaN,NaN,NaN,NaN,NaN,NaN,NaN,NaN,NaN,NaN,NaN
2,2,36,NaN,-20,20,20,-20,2,2,NaN,NaN,NaN,NaN,NaN,NaN,NaN,NaN,NaN,NaN,2,1,1,1.2074,NaN,0.12962,NaN,1.2399e+06,1.2399e+06,NaN,NaN,NaN,NaN,NaN,NaN,NaN,NaN,NaN,NaN,NaN,NaN,NaN,NaN,NaN,NaN,NaN,NaN,NaN,NaN,NaN
2,2,37,NaN,-20,20,-20,20,2,2,NaN,NaN,NaN,NaN,NaN,NaN,NaN,NaN,NaN,NaN,2,1,1,1.0556,NaN,0.12962,NaN,1.2399e+06,1.2399e+06,NaN,NaN,NaN,NaN,NaN,NaN,NaN,NaN,NaN,NaN,NaN,NaN,NaN,NaN,NaN,NaN,NaN,NaN,NaN,NaN,NaN
2,2,38,NaN,20,20,-20,20,2,2,NaN,NaN,NaN,NaN,NaN,NaN,NaN,NaN,NaN,NaN,2,1,1,0.91386,NaN,0.12962,NaN,1.2399e+06,1.2399e+06,NaN,NaN,NaN,NaN,NaN,NaN,NaN,NaN,NaN,NaN,NaN,NaN,NaN,NaN,NaN,NaN,NaN,NaN,NaN,NaN,NaN
2,2,39,NaN,-20,20,20,-20,2,2,NaN,NaN,NaN,NaN,NaN,NaN,NaN,NaN,NaN,NaN,1,0,1,1.2283,NaN,0.11462,NaN,1.2399e+06,1.2399e+06,NaN,NaN,NaN,NaN,NaN,NaN,NaN,NaN,NaN,NaN,NaN,NaN,NaN,NaN,NaN,NaN,NaN,NaN,NaN,NaN,NaN
2,2,40,NaN,-20,-20,-20,-20,1,2,NaN,NaN,NaN,NaN,NaN,NaN,NaN,NaN,NaN,NaN,1,1,1,0.82551,NaN,0.10712,NaN,1.2399e+06,1.2399e+06,NaN,NaN,NaN,NaN,NaN,NaN,NaN,NaN,NaN,NaN,NaN,NaN,NaN,NaN,NaN,NaN,NaN,NaN,NaN,NaN,NaN
2,2,41,NaN,20,-20,20,-20,1,2,NaN,NaN,NaN,NaN,NaN,NaN,NaN,NaN,NaN,NaN,2,1,1,0.90186,NaN,0.10712,NaN,1.2399e+06,1.2399e+06,NaN,NaN,NaN,NaN,NaN,NaN,NaN,NaN,NaN,NaN,NaN,NaN,NaN,NaN,NaN,NaN,NaN,NaN,NaN,NaN,NaN
2,2,42,NaN,20,20,20,20,2,2,NaN,NaN,NaN,NaN,NaN,NaN,NaN,NaN,NaN,NaN,2,1,1,0.76591,NaN,0.12212,NaN,1.2399e+06,1.2399e+06,NaN,NaN,NaN,NaN,NaN,NaN,NaN,NaN,NaN,NaN,NaN,NaN,NaN,NaN,NaN,NaN,NaN,NaN,NaN,NaN,NaN
2,2,43,NaN,-20,-20,-20,20,4,2,NaN,NaN,NaN,NaN,NaN,NaN,NaN,NaN,NaN,NaN,1,0,1,0.79612,NaN,0.069625,NaN,1.2399e+06,1.2399e+06,NaN,NaN,NaN,NaN,NaN,NaN,NaN,NaN,NaN,NaN,NaN,NaN,NaN,NaN,NaN,NaN,NaN,NaN,NaN,NaN,NaN
2,2,44,NaN,20,-20,20,20,3,2,NaN,NaN,NaN,NaN,NaN,NaN,NaN,NaN,NaN,NaN,2,1,1,0.76118,NaN,0.062125,NaN,1.2399e+06,1.2399e+06,NaN,NaN,NaN,NaN,NaN,NaN,NaN,NaN,NaN,NaN,NaN,NaN,NaN,NaN,NaN,NaN,NaN,NaN,NaN,NaN,NaN
2,2,45,NaN,20,20,20,-20,4,2,NaN,NaN,NaN,NaN,NaN,NaN,NaN,NaN,NaN,NaN,1,1,1,0.76088,NaN,0.084625,NaN,1.2399e+06,1.2399e+06,NaN,NaN,NaN,NaN,NaN,NaN,NaN,NaN,NaN,NaN,NaN,NaN,NaN,NaN,NaN,NaN,NaN,NaN,NaN,NaN,NaN
2,2,46,NaN,-20,20,20,20,2,2,NaN,NaN,NaN,NaN,NaN,NaN,NaN,NaN,NaN,NaN,2,1,1,0.83287,NaN,0.12212,NaN,1.2399e+06,1.2399e+06,NaN,NaN,NaN,NaN,NaN,NaN,NaN,NaN,NaN,NaN,NaN,NaN,NaN,NaN,NaN,NaN,NaN,NaN,NaN,NaN,NaN
2,2,47,NaN,-20,-20,20,20,2,2,NaN,NaN,NaN,NaN,NaN,NaN,NaN,NaN,NaN,NaN,2,0,1,0.76325,NaN,0.12212,NaN,1.2399e+06,1.2399e+06,NaN,NaN,NaN,NaN,NaN,NaN,NaN,NaN,NaN,NaN,NaN,NaN,NaN,NaN,NaN,NaN,NaN,NaN,NaN,NaN,NaN
2,2,48,NaN,-20,20,-20,20,1,2,NaN,NaN,NaN,NaN,NaN,NaN,NaN,NaN,NaN,NaN,1,1,1,0.8708,NaN,0.10712,NaN,1.24e+06,1.24e+06,NaN,NaN,NaN,NaN,NaN,NaN,NaN,NaN,NaN,NaN,NaN,NaN,NaN,NaN,NaN,NaN,NaN,NaN,NaN,NaN,NaN
2,2,49,NaN,20,20,20,20,4,2,NaN,NaN,NaN,NaN,NaN,NaN,NaN,NaN,NaN,NaN,1,0,1,0.90158,NaN,0.084625,NaN,1.24e+06,1.24e+06,NaN,NaN,NaN,NaN,NaN,NaN,NaN,NaN,NaN,NaN,NaN,NaN,NaN,NaN,NaN,NaN,NaN,NaN,NaN,NaN,NaN
2,2,50,NaN,20,20,-20,-20,4,2,NaN,NaN,NaN,NaN,NaN,NaN,NaN,NaN,NaN,NaN,898,898,-1,NaN,NaN,NaN,NaN,NaN,NaN,NaN,NaN,NaN,NaN,NaN,NaN,NaN,NaN,NaN,NaN,NaN,NaN,NaN,NaN,NaN,NaN,NaN,NaN,NaN,NaN,NaN
2,2,51,NaN,-20,20,20,20,1,2,NaN,NaN,NaN,NaN,NaN,NaN,NaN,NaN,NaN,NaN,1,1,1,0.74554,NaN,0.099625,NaN,1.24e+06,1.24e+06,NaN,NaN,NaN,NaN,NaN,NaN,NaN,NaN,NaN,NaN,NaN,NaN,NaN,NaN,NaN,NaN,NaN,NaN,NaN,NaN,NaN
2,2,52,NaN,20,20,20,-20,1,2,NaN,NaN,NaN,NaN,NaN,NaN,NaN,NaN,NaN,NaN,1,0,1,0.9425,NaN,0.099625,NaN,1.24e+06,1.24e+06,NaN,NaN,NaN,NaN,NaN,NaN,NaN,NaN,NaN,NaN,NaN,NaN,NaN,NaN,NaN,NaN,NaN,NaN,NaN,NaN,NaN
2,2,53,NaN,-20,20,20,20,2,2,NaN,NaN,NaN,NaN,NaN,NaN,NaN,NaN,NaN,NaN,2,1,1,1.6958,NaN,0.12962,NaN,1.24e+06,1.24e+06,NaN,NaN,NaN,NaN,NaN,NaN,NaN,NaN,NaN,NaN,NaN,NaN,NaN,NaN,NaN,NaN,NaN,NaN,NaN,NaN,NaN
2,2,54,NaN,-20,20,20,20,4,2,NaN,NaN,NaN,NaN,NaN,NaN,NaN,NaN,NaN,NaN,898,898,-1,NaN,NaN,NaN,NaN,NaN,NaN,NaN,NaN,NaN,NaN,NaN,NaN,NaN,NaN,NaN,NaN,NaN,NaN,NaN,NaN,NaN,NaN,NaN,NaN,NaN,NaN,NaN
2,2,55,NaN,-20,20,20,20,4,2,NaN,NaN,NaN,NaN,NaN,NaN,NaN,NaN,NaN,NaN,898,898,-1,NaN,NaN,NaN,NaN,NaN,NaN,NaN,NaN,NaN,NaN,NaN,NaN,NaN,NaN,NaN,NaN,NaN,NaN,NaN,NaN,NaN,NaN,NaN,NaN,NaN,NaN,NaN
2,2,56,NaN,-20,20,-20,-20,4,2,NaN,NaN,NaN,NaN,NaN,NaN,NaN,NaN,NaN,NaN,1,1,1,0.92332,NaN,0.092125,NaN,1.24e+06,1.24e+06,NaN,NaN,NaN,NaN,NaN,NaN,NaN,NaN,NaN,NaN,NaN,NaN,NaN,NaN,NaN,NaN,NaN,NaN,NaN,NaN,NaN
2,2,57,NaN,20,-20,20,20,3,2,NaN,NaN,NaN,NaN,NaN,NaN,NaN,NaN,NaN,NaN,2,1,1,0.82734,NaN,0.062125,NaN,1.24e+06,1.24e+06,NaN,NaN,NaN,NaN,NaN,NaN,NaN,NaN,NaN,NaN,NaN,NaN,NaN,NaN,NaN,NaN,NaN,NaN,NaN,NaN,NaN
2,2,58,NaN,-20,20,-20,20,4,2,NaN,NaN,NaN,NaN,NaN,NaN,NaN,NaN,NaN,NaN,2,1,1,1.2279,NaN,0.092125,NaN,1.24e+06,1.24e+06,NaN,NaN,NaN,NaN,NaN,NaN,NaN,NaN,NaN,NaN,NaN,NaN,NaN,NaN,NaN,NaN,NaN,NaN,NaN,NaN,NaN
2,2,59,NaN,-20,20,20,20,3,2,NaN,NaN,NaN,NaN,NaN,NaN,NaN,NaN,NaN,NaN,1,0,1,0.86767,NaN,0.062125,NaN,1.24e+06,1.24e+06,NaN,NaN,NaN,NaN,NaN,NaN,NaN,NaN,NaN,NaN,NaN,NaN,NaN,NaN,NaN,NaN,NaN,NaN,NaN,NaN,NaN
2,2,60,NaN,-20,20,20,20,1,2,NaN,NaN,NaN,NaN,NaN,NaN,NaN,NaN,NaN,NaN,898,898,-1,NaN,NaN,NaN,NaN,NaN,NaN,NaN,NaN,NaN,NaN,NaN,NaN,NaN,NaN,NaN,NaN,NaN,NaN,NaN,NaN,NaN,NaN,NaN,NaN,NaN,NaN,NaN
2,2,61,NaN,-20,-20,-20,20,4,2,NaN,NaN,NaN,NaN,NaN,NaN,NaN,NaN,NaN,NaN,2,1,1,0.61492,NaN,0.092125,NaN,1.24e+06,1.24e+06,NaN,NaN,NaN,NaN,NaN,NaN,NaN,NaN,NaN,NaN,NaN,NaN,NaN,NaN,NaN,NaN,NaN,NaN,NaN,NaN,NaN
2,2,62,NaN,-20,-20,20,20,2,2,NaN,NaN,NaN,NaN,NaN,NaN,NaN,NaN,NaN,NaN,1,1,1,0.81098,NaN,0.12962,NaN,1.24e+06,1.24e+06,NaN,NaN,NaN,NaN,NaN,NaN,NaN,NaN,NaN,NaN,NaN,NaN,NaN,NaN,NaN,NaN,NaN,NaN,NaN,NaN,NaN
2,2,63,NaN,20,20,20,20,2,2,NaN,NaN,NaN,NaN,NaN,NaN,NaN,NaN,NaN,NaN,1,0,1,0.88955,NaN,0.12962,NaN,1.24e+06,1.24e+06,NaN,NaN,NaN,NaN,NaN,NaN,NaN,NaN,NaN,NaN,NaN,NaN,NaN,NaN,NaN,NaN,NaN,NaN,NaN,NaN,NaN
2,2,64,NaN,-20,-20,-20,-20,1,2,NaN,NaN,NaN,NaN,NaN,NaN,NaN,NaN,NaN,NaN,898,898,-1,NaN,NaN,NaN,NaN,NaN,NaN,NaN,NaN,NaN,NaN,NaN,NaN,NaN,NaN,NaN,NaN,NaN,NaN,NaN,NaN,NaN,NaN,NaN,NaN,NaN,NaN,NaN
2,2,65,NaN,-20,20,-20,-20,3,2,NaN,NaN,NaN,NaN,NaN,NaN,NaN,NaN,NaN,NaN,1,1,1,0.24051,NaN,0.069625,NaN,1.24e+06,1.24e+06,NaN,NaN,NaN,NaN,NaN,NaN,NaN,NaN,NaN,NaN,NaN,NaN,NaN,NaN,NaN,NaN,NaN,NaN,NaN,NaN,NaN
2,2,66,NaN,20,20,20,20,2,2,NaN,NaN,NaN,NaN,NaN,NaN,NaN,NaN,NaN,NaN,2,1,1,0.62836,NaN,0.13712,NaN,1.24e+06,1.24e+06,NaN,NaN,NaN,NaN,NaN,NaN,NaN,NaN,NaN,NaN,NaN,NaN,NaN,NaN,NaN,NaN,NaN,NaN,NaN,NaN,NaN
2,2,67,NaN,-20,-20,-20,20,4,2,NaN,NaN,NaN,NaN,NaN,NaN,NaN,NaN,NaN,NaN,898,898,-1,NaN,NaN,NaN,NaN,NaN,NaN,NaN,NaN,NaN,NaN,NaN,NaN,NaN,NaN,NaN,NaN,NaN,NaN,NaN,NaN,NaN,NaN,NaN,NaN,NaN,NaN,NaN
2,2,68,NaN,20,-20,20,20,4,2,NaN,NaN,NaN,NaN,NaN,NaN,NaN,NaN,NaN,NaN,2,1,1,0.55467,NaN,0.084625,NaN,1.24e+06,1.24e+06,NaN,NaN,NaN,NaN,NaN,NaN,NaN,NaN,NaN,NaN,NaN,NaN,NaN,NaN,NaN,NaN,NaN,NaN,NaN,NaN,NaN
2,2,69,NaN,-20,-20,20,20,1,2,NaN,NaN,NaN,NaN,NaN,NaN,NaN,NaN,NaN,NaN,1,1,1,0.69239,NaN,0.10337,NaN,1.24e+06,1.24e+06,NaN,NaN,NaN,NaN,NaN,NaN,NaN,NaN,NaN,NaN,NaN,NaN,NaN,NaN,NaN,NaN,NaN,NaN,NaN,NaN,NaN
2,2,70,NaN,20,20,-20,-20,2,2,NaN,NaN,NaN,NaN,NaN,NaN,NaN,NaN,NaN,NaN,1,0,1,1.0605,NaN,0.13712,NaN,1.24e+06,1.24e+06,NaN,NaN,NaN,NaN,NaN,NaN,NaN,NaN,NaN,NaN,NaN,NaN,NaN,NaN,NaN,NaN,NaN,NaN,NaN,NaN,NaN
2,2,71,NaN,20,20,20,-20,3,2,NaN,NaN,NaN,NaN,NaN,NaN,NaN,NaN,NaN,NaN,898,898,-1,NaN,NaN,NaN,NaN,NaN,NaN,NaN,NaN,NaN,NaN,NaN,NaN,NaN,NaN,NaN,NaN,NaN,NaN,NaN,NaN,NaN,NaN,NaN,NaN,NaN,NaN,NaN
2,2,72,NaN,-20,20,20,-20,4,2,NaN,NaN,NaN,NaN,NaN,NaN,NaN,NaN,NaN,NaN,1,1,1,0.61888,NaN,0.084625,NaN,1.24e+06,1.24e+06,NaN,NaN,NaN,NaN,NaN,NaN,NaN,NaN,NaN,NaN,NaN,NaN,NaN,NaN,NaN,NaN,NaN,NaN,NaN,NaN,NaN
2,2,73,NaN,-20,-20,-20,20,3,2,NaN,NaN,NaN,NaN,NaN,NaN,NaN,NaN,NaN,NaN,1,1,1,0.7912,NaN,0.069625,NaN,1.24e+06,1.24e+06,NaN,NaN,NaN,NaN,NaN,NaN,NaN,NaN,NaN,NaN,NaN,NaN,NaN,NaN,NaN,NaN,NaN,NaN,NaN,NaN,NaN
2,2,74,NaN,20,20,20,20,1,2,NaN,NaN,NaN,NaN,NaN,NaN,NaN,NaN,NaN,NaN,2,1,1,0.68472,NaN,0.10337,NaN,1.24e+06,1.24e+06,NaN,NaN,NaN,NaN,NaN,NaN,NaN,NaN,NaN,NaN,NaN,NaN,NaN,NaN,NaN,NaN,NaN,NaN,NaN,NaN,NaN
2,2,75,NaN,20,-20,-20,-20,3,2,NaN,NaN,NaN,NaN,NaN,NaN,NaN,NaN,NaN,NaN,1,1,1,0.76215,NaN,0.069625,NaN,1.24e+06,1.24e+06,NaN,NaN,NaN,NaN,NaN,NaN,NaN,NaN,NaN,NaN,NaN,NaN,NaN,NaN,NaN,NaN,NaN,NaN,NaN,NaN,NaN
2,2,76,NaN,20,-20,20,20,1,2,NaN,NaN,NaN,NaN,NaN,NaN,NaN,NaN,NaN,NaN,2,1,1,0.62763,NaN,0.10337,NaN,1.24e+06,1.24e+06,NaN,NaN,NaN,NaN,NaN,NaN,NaN,NaN,NaN,NaN,NaN,NaN,NaN,NaN,NaN,NaN,NaN,NaN,NaN,NaN,NaN
2,2,77,NaN,-20,20,20,-20,2,2,NaN,NaN,NaN,NaN,NaN,NaN,NaN,NaN,NaN,NaN,2,1,1,0.73737,NaN,0.14463,NaN,1.24e+06,1.24e+06,NaN,NaN,NaN,NaN,NaN,NaN,NaN,NaN,NaN,NaN,NaN,NaN,NaN,NaN,NaN,NaN,NaN,NaN,NaN,NaN,NaN
2,2,78,NaN,-20,-20,20,20,1,2,NaN,NaN,NaN,NaN,NaN,NaN,NaN,NaN,NaN,NaN,1,1,1,0.61856,NaN,0.099625,NaN,1.24e+06,1.24e+06,NaN,NaN,NaN,NaN,NaN,NaN,NaN,NaN,NaN,NaN,NaN,NaN,NaN,NaN,NaN,NaN,NaN,NaN,NaN,NaN,NaN
2,2,79,NaN,-20,20,-20,20,3,2,NaN,NaN,NaN,NaN,NaN,NaN,NaN,NaN,NaN,NaN,898,898,-1,NaN,NaN,NaN,NaN,NaN,NaN,NaN,NaN,NaN,NaN,NaN,NaN,NaN,NaN,NaN,NaN,NaN,NaN,NaN,NaN,NaN,NaN,NaN,NaN,NaN,NaN,NaN
2,2,80,NaN,-20,20,20,20,2,2,NaN,NaN,NaN,NaN,NaN,NaN,NaN,NaN,NaN,NaN,2,1,1,0.86096,NaN,0.14463,NaN,1.24e+06,1.24e+06,NaN,NaN,NaN,NaN,NaN,NaN,NaN,NaN,NaN,NaN,NaN,NaN,NaN,NaN,NaN,NaN,NaN,NaN,NaN,NaN,NaN
2,2,81,NaN,-20,-20,20,20,3,2,NaN,NaN,NaN,NaN,NaN,NaN,NaN,NaN,NaN,NaN,898,898,-1,NaN,NaN,NaN,NaN,NaN,NaN,NaN,NaN,NaN,NaN,NaN,NaN,NaN,NaN,NaN,NaN,NaN,NaN,NaN,NaN,NaN,NaN,NaN,NaN,NaN,NaN,NaN
2,2,82,NaN,20,20,-20,20,4,2,NaN,NaN,NaN,NaN,NaN,NaN,NaN,NaN,NaN,NaN,2,1,1,0.78292,NaN,0.084625,NaN,1.2401e+06,1.2401e+06,NaN,NaN,NaN,NaN,NaN,NaN,NaN,NaN,NaN,NaN,NaN,NaN,NaN,NaN,NaN,NaN,NaN,NaN,NaN,NaN,NaN
2,2,83,NaN,20,20,-20,20,1,2,NaN,NaN,NaN,NaN,NaN,NaN,NaN,NaN,NaN,NaN,2,1,1,0.59872,NaN,0.099625,NaN,1.2401e+06,1.2401e+06,NaN,NaN,NaN,NaN,NaN,NaN,NaN,NaN,NaN,NaN,NaN,NaN,NaN,NaN,NaN,NaN,NaN,NaN,NaN,NaN,NaN
2,2,84,NaN,20,-20,-20,20,4,2,NaN,NaN,NaN,NaN,NaN,NaN,NaN,NaN,NaN,NaN,2,1,1,0.73011,NaN,0.077125,NaN,1.2401e+06,1.2401e+06,NaN,NaN,NaN,NaN,NaN,NaN,NaN,NaN,NaN,NaN,NaN,NaN,NaN,NaN,NaN,NaN,NaN,NaN,NaN,NaN,NaN
2,2,85,NaN,-20,-20,-20,-20,2,2,NaN,NaN,NaN,NaN,NaN,NaN,NaN,NaN,NaN,NaN,1,1,1,0.87905,NaN,0.14463,NaN,1.2401e+06,1.2401e+06,NaN,NaN,NaN,NaN,NaN,NaN,NaN,NaN,NaN,NaN,NaN,NaN,NaN,NaN,NaN,NaN,NaN,NaN,NaN,NaN,NaN
2,2,86,NaN,-20,-20,-20,-20,1,2,NaN,NaN,NaN,NaN,NaN,NaN,NaN,NaN,NaN,NaN,2,0,1,0.75147,NaN,0.099625,NaN,1.2401e+06,1.2401e+06,NaN,NaN,NaN,NaN,NaN,NaN,NaN,NaN,NaN,NaN,NaN,NaN,NaN,NaN,NaN,NaN,NaN,NaN,NaN,NaN,NaN
2,2,87,NaN,-20,-20,-20,-20,1,2,NaN,NaN,NaN,NaN,NaN,NaN,NaN,NaN,NaN,NaN,1,1,1,0.83817,NaN,0.10337,NaN,1.2401e+06,1.2401e+06,NaN,NaN,NaN,NaN,NaN,NaN,NaN,NaN,NaN,NaN,NaN,NaN,NaN,NaN,NaN,NaN,NaN,NaN,NaN,NaN,NaN
2,2,88,NaN,-20,20,-20,-20,3,2,NaN,NaN,NaN,NaN,NaN,NaN,NaN,NaN,NaN,NaN,1,1,1,0.85663,NaN,0.065875,NaN,1.2401e+06,1.2401e+06,NaN,NaN,NaN,NaN,NaN,NaN,NaN,NaN,NaN,NaN,NaN,NaN,NaN,NaN,NaN,NaN,NaN,NaN,NaN,NaN,NaN
2,2,89,NaN,-20,-20,-20,-20,2,2,NaN,NaN,NaN,NaN,NaN,NaN,NaN,NaN,NaN,NaN,2,0,1,0.82419,NaN,0.13712,NaN,1.2401e+06,1.2401e+06,NaN,NaN,NaN,NaN,NaN,NaN,NaN,NaN,NaN,NaN,NaN,NaN,NaN,NaN,NaN,NaN,NaN,NaN,NaN,NaN,NaN
2,2,90,NaN,20,20,20,-20,3,2,NaN,NaN,NaN,NaN,NaN,NaN,NaN,NaN,NaN,NaN,2,1,1,0.65867,NaN,0.065875,NaN,1.2401e+06,1.2401e+06,NaN,NaN,NaN,NaN,NaN,NaN,NaN,NaN,NaN,NaN,NaN,NaN,NaN,NaN,NaN,NaN,NaN,NaN,NaN,NaN,NaN
2,2,91,NaN,20,-20,-20,-20,1,2,NaN,NaN,NaN,NaN,NaN,NaN,NaN,NaN,NaN,NaN,2,1,1,0.73599,NaN,0.10337,NaN,1.2401e+06,1.2401e+06,NaN,NaN,NaN,NaN,NaN,NaN,NaN,NaN,NaN,NaN,NaN,NaN,NaN,NaN,NaN,NaN,NaN,NaN,NaN,NaN,NaN
2,2,92,NaN,20,-20,20,20,3,2,NaN,NaN,NaN,NaN,NaN,NaN,NaN,NaN,NaN,NaN,2,1,1,0.72043,NaN,0.065875,NaN,1.2401e+06,1.2401e+06,NaN,NaN,NaN,NaN,NaN,NaN,NaN,NaN,NaN,NaN,NaN,NaN,NaN,NaN,NaN,NaN,NaN,NaN,NaN,NaN,NaN
2,2,93,NaN,20,20,20,-20,1,2,NaN,NaN,NaN,NaN,NaN,NaN,NaN,NaN,NaN,NaN,898,898,-1,NaN,NaN,NaN,NaN,NaN,NaN,NaN,NaN,NaN,NaN,NaN,NaN,NaN,NaN,NaN,NaN,NaN,NaN,NaN,NaN,NaN,NaN,NaN,NaN,NaN,NaN,NaN
2,2,94,NaN,-20,20,20,-20,4,2,NaN,NaN,NaN,NaN,NaN,NaN,NaN,NaN,NaN,NaN,898,898,-1,NaN,NaN,NaN,NaN,NaN,NaN,NaN,NaN,NaN,NaN,NaN,NaN,NaN,NaN,NaN,NaN,NaN,NaN,NaN,NaN,NaN,NaN,NaN,NaN,NaN,NaN,NaN
2,2,95,NaN,20,20,20,-20,4,2,NaN,NaN,NaN,NaN,NaN,NaN,NaN,NaN,NaN,NaN,1,1,1,0.76906,NaN,0.077125,NaN,1.2401e+06,1.2401e+06,NaN,NaN,NaN,NaN,NaN,NaN,NaN,NaN,NaN,NaN,NaN,NaN,NaN,NaN,NaN,NaN,NaN,NaN,NaN,NaN,NaN
2,2,96,NaN,20,-20,20,20,1,2,NaN,NaN,NaN,NaN,NaN,NaN,NaN,NaN,NaN,NaN,898,898,-1,NaN,NaN,NaN,NaN,NaN,NaN,NaN,NaN,NaN,NaN,NaN,NaN,NaN,NaN,NaN,NaN,NaN,NaN,NaN,NaN,NaN,NaN,NaN,NaN,NaN,NaN,NaN
2,2,97,NaN,-20,-20,-20,20,2,2,NaN,NaN,NaN,NaN,NaN,NaN,NaN,NaN,NaN,NaN,1,1,1,0.70663,NaN,0.14088,NaN,1.2401e+06,1.2401e+06,NaN,NaN,NaN,NaN,NaN,NaN,NaN,NaN,NaN,NaN,NaN,NaN,NaN,NaN,NaN,NaN,NaN,NaN,NaN,NaN,NaN
2,2,98,NaN,-20,-20,-20,-20,2,2,NaN,NaN,NaN,NaN,NaN,NaN,NaN,NaN,NaN,NaN,1,1,1,0.79356,NaN,0.14088,NaN,1.2401e+06,1.2401e+06,NaN,NaN,NaN,NaN,NaN,NaN,NaN,NaN,NaN,NaN,NaN,NaN,NaN,NaN,NaN,NaN,NaN,NaN,NaN,NaN,NaN
2,2,99,NaN,20,20,-20,-20,2,2,NaN,NaN,NaN,NaN,NaN,NaN,NaN,NaN,NaN,NaN,1,0,1,0.60056,NaN,0.14088,NaN,1.2401e+06,1.2401e+06,NaN,NaN,NaN,NaN,NaN,NaN,NaN,NaN,NaN,NaN,NaN,NaN,NaN,NaN,NaN,NaN,NaN,NaN,NaN,NaN,NaN
2,2,100,NaN,-20,20,20,20,2,2,NaN,NaN,NaN,NaN,NaN,NaN,NaN,NaN,NaN,NaN,898,898,-1,NaN,NaN,NaN,NaN,NaN,NaN,NaN,NaN,NaN,NaN,NaN,NaN,NaN,NaN,NaN,NaN,NaN,NaN,NaN,NaN,NaN,NaN,NaN,NaN,NaN,NaN,NaN
2,2,9,NaN,-20,20,20,20,4,2,NaN,NaN,NaN,NaN,NaN,NaN,NaN,NaN,NaN,NaN,2,1,1,0.76698,NaN,0.077125,NaN,1.2401e+06,1.2401e+06,NaN,NaN,NaN,NaN,NaN,NaN,NaN,NaN,NaN,NaN,NaN,NaN,NaN,NaN,NaN,NaN,NaN,NaN,NaN,NaN,NaN
2,2,26,NaN,-20,-20,20,-20,1,2,NaN,NaN,NaN,NaN,NaN,NaN,NaN,NaN,NaN,NaN,898,898,-1,NaN,NaN,NaN,NaN,NaN,NaN,NaN,NaN,NaN,NaN,NaN,NaN,NaN,NaN,NaN,NaN,NaN,NaN,NaN,NaN,NaN,NaN,NaN,NaN,NaN,NaN,NaN
2,2,29,NaN,20,20,-20,20,1,2,NaN,NaN,NaN,NaN,NaN,NaN,NaN,NaN,NaN,NaN,2,1,1,0.45728,NaN,0.10337,NaN,1.2401e+06,1.2401e+06,NaN,NaN,NaN,NaN,NaN,NaN,NaN,NaN,NaN,NaN,NaN,NaN,NaN,NaN,NaN,NaN,NaN,NaN,NaN,NaN,NaN
2,2,50,NaN,20,20,-20,-20,4,2,NaN,NaN,NaN,NaN,NaN,NaN,NaN,NaN,NaN,NaN,898,898,-1,NaN,NaN,NaN,NaN,NaN,NaN,NaN,NaN,NaN,NaN,NaN,NaN,NaN,NaN,NaN,NaN,NaN,NaN,NaN,NaN,NaN,NaN,NaN,NaN,NaN,NaN,NaN
2,2,54,NaN,-20,20,20,20,4,2,NaN,NaN,NaN,NaN,NaN,NaN,NaN,NaN,NaN,NaN,2,1,1,1.066,NaN,0.069625,NaN,1.2401e+06,1.2401e+06,NaN,NaN,NaN,NaN,NaN,NaN,NaN,NaN,NaN,NaN,NaN,NaN,NaN,NaN,NaN,NaN,NaN,NaN,NaN,NaN,NaN
2,2,55,NaN,-20,20,20,20,4,2,NaN,NaN,NaN,NaN,NaN,NaN,NaN,NaN,NaN,NaN,2,1,1,0.80945,NaN,0.069625,NaN,1.2401e+06,1.2401e+06,NaN,NaN,NaN,NaN,NaN,NaN,NaN,NaN,NaN,NaN,NaN,NaN,NaN,NaN,NaN,NaN,NaN,NaN,NaN,NaN,NaN
2,2,60,NaN,-20,20,20,20,1,2,NaN,NaN,NaN,NaN,NaN,NaN,NaN,NaN,NaN,NaN,1,1,1,0.88754,NaN,0.099625,NaN,1.2401e+06,1.2401e+06,NaN,NaN,NaN,NaN,NaN,NaN,NaN,NaN,NaN,NaN,NaN,NaN,NaN,NaN,NaN,NaN,NaN,NaN,NaN,NaN,NaN
2,2,64,NaN,-20,-20,-20,-20,1,2,NaN,NaN,NaN,NaN,NaN,NaN,NaN,NaN,NaN,NaN,1,1,1,0.91216,NaN,0.099625,NaN,1.2401e+06,1.2401e+06,NaN,NaN,NaN,NaN,NaN,NaN,NaN,NaN,NaN,NaN,NaN,NaN,NaN,NaN,NaN,NaN,NaN,NaN,NaN,NaN,NaN
2,2,67,NaN,-20,-20,-20,20,4,2,NaN,NaN,NaN,NaN,NaN,NaN,NaN,NaN,NaN,NaN,2,1,1,0.80098,NaN,0.069625,NaN,1.2401e+06,1.2401e+06,NaN,NaN,NaN,NaN,NaN,NaN,NaN,NaN,NaN,NaN,NaN,NaN,NaN,NaN,NaN,NaN,NaN,NaN,NaN,NaN,NaN
2,2,71,NaN,20,20,20,-20,3,2,NaN,NaN,NaN,NaN,NaN,NaN,NaN,NaN,NaN,NaN,2,1,1,0.74503,NaN,0.062125,NaN,1.2401e+06,1.2401e+06,NaN,NaN,NaN,NaN,NaN,NaN,NaN,NaN,NaN,NaN,NaN,NaN,NaN,NaN,NaN,NaN,NaN,NaN,NaN,NaN,NaN
2,2,79,NaN,-20,20,-20,20,3,2,NaN,NaN,NaN,NaN,NaN,NaN,NaN,NaN,NaN,NaN,1,1,1,0.70081,NaN,0.062125,NaN,1.2401e+06,1.2401e+06,NaN,NaN,NaN,NaN,NaN,NaN,NaN,NaN,NaN,NaN,NaN,NaN,NaN,NaN,NaN,NaN,NaN,NaN,NaN,NaN,NaN
2,2,81,NaN,-20,-20,20,20,3,2,NaN,NaN,NaN,NaN,NaN,NaN,NaN,NaN,NaN,NaN,2,1,1,0.67673,NaN,0.062125,NaN,1.2401e+06,1.2401e+06,NaN,NaN,NaN,NaN,NaN,NaN,NaN,NaN,NaN,NaN,NaN,NaN,NaN,NaN,NaN,NaN,NaN,NaN,NaN,NaN,NaN
2,2,93,NaN,20,20,20,-20,1,2,NaN,NaN,NaN,NaN,NaN,NaN,NaN,NaN,NaN,NaN,898,898,-1,NaN,NaN,NaN,NaN,NaN,NaN,NaN,NaN,NaN,NaN,NaN,NaN,NaN,NaN,NaN,NaN,NaN,NaN,NaN,NaN,NaN,NaN,NaN,NaN,NaN,NaN,NaN
2,2,94,NaN,-20,20,20,-20,4,2,NaN,NaN,NaN,NaN,NaN,NaN,NaN,NaN,NaN,NaN,898,898,-1,NaN,NaN,NaN,NaN,NaN,NaN,NaN,NaN,NaN,NaN,NaN,NaN,NaN,NaN,NaN,NaN,NaN,NaN,NaN,NaN,NaN,NaN,NaN,NaN,NaN,NaN,NaN
2,2,96,NaN,20,-20,20,20,1,2,NaN,NaN,NaN,NaN,NaN,NaN,NaN,NaN,NaN,NaN,898,898,-1,NaN,NaN,NaN,NaN,NaN,NaN,NaN,NaN,NaN,NaN,NaN,NaN,NaN,NaN,NaN,NaN,NaN,NaN,NaN,NaN,NaN,NaN,NaN,NaN,NaN,NaN,NaN
2,2,100,NaN,-20,20,20,20,2,2,NaN,NaN,NaN,NaN,NaN,NaN,NaN,NaN,NaN,NaN,898,898,-1,NaN,NaN,NaN,NaN,NaN,NaN,NaN,NaN,NaN,NaN,NaN,NaN,NaN,NaN,NaN,NaN,NaN,NaN,NaN,NaN,NaN,NaN,NaN,NaN,NaN,NaN,NaN
2,2,26,NaN,-20,-20,20,-20,1,2,NaN,NaN,NaN,NaN,NaN,NaN,NaN,NaN,NaN,NaN,898,898,-1,NaN,NaN,NaN,NaN,NaN,NaN,NaN,NaN,NaN,NaN,NaN,NaN,NaN,NaN,NaN,NaN,NaN,NaN,NaN,NaN,NaN,NaN,NaN,NaN,NaN,NaN,NaN
2,2,50,NaN,20,20,-20,-20,4,2,NaN,NaN,NaN,NaN,NaN,NaN,NaN,NaN,NaN,NaN,2,0,1,0.79097,NaN,0.062125,NaN,1.2402e+06,1.2402e+06,NaN,NaN,NaN,NaN,NaN,NaN,NaN,NaN,NaN,NaN,NaN,NaN,NaN,NaN,NaN,NaN,NaN,NaN,NaN,NaN,NaN
2,2,93,NaN,20,20,20,-20,1,2,NaN,NaN,NaN,NaN,NaN,NaN,NaN,NaN,NaN,NaN,2,1,1,0.5734,NaN,0.099625,NaN,1.2402e+06,1.2402e+06,NaN,NaN,NaN,NaN,NaN,NaN,NaN,NaN,NaN,NaN,NaN,NaN,NaN,NaN,NaN,NaN,NaN,NaN,NaN,NaN,NaN
2,2,94,NaN,-20,20,20,-20,4,2,NaN,NaN,NaN,NaN,NaN,NaN,NaN,NaN,NaN,NaN,898,898,-1,NaN,NaN,NaN,NaN,NaN,NaN,NaN,NaN,NaN,NaN,NaN,NaN,NaN,NaN,NaN,NaN,NaN,NaN,NaN,NaN,NaN,NaN,NaN,NaN,NaN,NaN,NaN
2,2,96,NaN,20,-20,20,20,1,2,NaN,NaN,NaN,NaN,NaN,NaN,NaN,NaN,NaN,NaN,2,1,1,0.16528,NaN,0.09775,NaN,1.2402e+06,1.2402e+06,NaN,NaN,NaN,NaN,NaN,NaN,NaN,NaN,NaN,NaN,NaN,NaN,NaN,NaN,NaN,NaN,NaN,NaN,NaN,NaN,NaN
2,2,100,NaN,-20,20,20,20,2,2,NaN,NaN,NaN,NaN,NaN,NaN,NaN,NaN,NaN,NaN,2,1,1,0.85964,NaN,0.14463,NaN,1.2402e+06,1.2402e+06,NaN,NaN,NaN,NaN,NaN,NaN,NaN,NaN,NaN,NaN,NaN,NaN,NaN,NaN,NaN,NaN,NaN,NaN,NaN,NaN,NaN
2,2,26,NaN,-20,-20,20,-20,1,2,NaN,NaN,NaN,NaN,NaN,NaN,NaN,NaN,NaN,NaN,1,1,1,0.74504,NaN,0.09775,NaN,1.2402e+06,1.2402e+06,NaN,NaN,NaN,NaN,NaN,NaN,NaN,NaN,NaN,NaN,NaN,NaN,NaN,NaN,NaN,NaN,NaN,NaN,NaN,NaN,NaN
2,2,94,NaN,-20,20,20,-20,4,2,NaN,NaN,NaN,NaN,NaN,NaN,NaN,NaN,NaN,NaN,2,0,1,0.85942,NaN,0.069625,NaN,1.2402e+06,1.2402e+06,NaN,NaN,NaN,NaN,NaN,NaN,NaN,NaN,NaN,NaN,NaN,NaN,NaN,NaN,NaN,NaN,NaN,NaN,NaN,NaN,NaN
