1,2,1,NaN,-20,-20,-20,-20,4,2,NaN,NaN,NaN,NaN,NaN,NaN,NaN,NaN,NaN,NaN,1,1,1,0.3249,NaN,0.15,NaN,5.232e+05,5.232e+05,NaN,NaN,NaN,NaN,NaN,NaN,NaN,NaN,NaN,NaN,NaN,NaN,NaN,NaN,NaN,NaN,NaN,NaN,NaN,NaN,NaN
1,2,2,NaN,-20,-20,20,20,2,2,NaN,NaN,NaN,NaN,NaN,NaN,NaN,NaN,NaN,NaN,898,898,-1,NaN,NaN,NaN,NaN,NaN,NaN,NaN,NaN,NaN,NaN,NaN,NaN,NaN,NaN,NaN,NaN,NaN,NaN,NaN,NaN,NaN,NaN,NaN,NaN,NaN,NaN,NaN
1,2,3,NaN,-20,20,-20,-20,2,2,NaN,NaN,NaN,NaN,NaN,NaN,NaN,NaN,NaN,NaN,2,1,1,0.83423,NaN,0.15,NaN,5.232e+05,5.232e+05,NaN,NaN,NaN,NaN,NaN,NaN,NaN,NaN,NaN,NaN,NaN,NaN,NaN,NaN,NaN,NaN,NaN,NaN,NaN,NaN,NaN
1,2,4,NaN,-20,-20,-20,-20,1,2,NaN,NaN,NaN,NaN,NaN,NaN,NaN,NaN,NaN,NaN,1,1,1,0.22846,NaN,0.15,NaN,5.232e+05,5.232e+05,NaN,NaN,NaN,NaN,NaN,NaN,NaN,NaN,NaN,NaN,NaN,NaN,NaN,NaN,NaN,NaN,NaN,NaN,NaN,NaN,NaN
1,2,5,NaN,20,-20,-20,-20,4,2,NaN,NaN,NaN,NaN,NaN,NaN,NaN,NaN,NaN,NaN,1,1,1,0.27489,NaN,0.15,NaN,5.2321e+05,5.2321e+05,NaN,NaN,NaN,NaN,NaN,NaN,NaN,NaN,NaN,NaN,NaN,NaN,NaN,NaN,NaN,NaN,NaN,NaN,NaN,NaN,NaN
1,2,6,NaN,-20,-20,20,20,4,2,NaN,NaN,NaN,NaN,NaN,NaN,NaN,NaN,NaN,NaN,2,1,1,0.26002,NaN,0.15,NaN,5.2321e+05,5.2321e+05,NaN,NaN,NaN,NaN,NaN,NaN,NaN,NaN,NaN,NaN,NaN,NaN,NaN,NaN,NaN,NaN,NaN,NaN,NaN,NaN,NaN
1,2,7,NaN,20,-20,20,-20,4,2,NaN,NaN,NaN,NaN,NaN,NaN,NaN,NaN,NaN,NaN,1,1,1,0.23453,NaN,0.08,NaN,5.2321e+05,5.2321e+05,NaN,NaN,NaN,NaN,NaN,NaN,NaN,NaN,NaN,NaN,NaN,NaN,NaN,NaN,NaN,NaN,NaN,NaN,NaN,NaN,NaN
1,2,8,NaN,-20,20,20,-20,1,2,NaN,NaN,NaN,NaN,NaN,NaN,NaN,NaN,NaN,NaN,1,1,1,0.063094,NaN,0.15,NaN,5.2322e+05,5.2322e+05,NaN,NaN,NaN,NaN,NaN,NaN,NaN,NaN,NaN,NaN,NaN,NaN,NaN,NaN,NaN,NaN,NaN,NaN,NaN,NaN,NaN
1,2,9,NaN,-20,-20,-20,-20,3,2,NaN,NaN,NaN,NaN,NaN,NaN,NaN,NaN,NaN,NaN,1,1,1,0.2156,NaN,0.15,NaN,5.2322e+05,5.2322e+05,NaN,NaN,NaN,NaN,NaN,NaN,NaN,NaN,NaN,NaN,NaN,NaN,NaN,NaN,NaN,NaN,NaN,NaN,NaN,NaN,NaN
1,2,10,NaN,20,20,20,-20,4,2,NaN,NaN,NaN,NaN,NaN,NaN,NaN,NaN,NaN,NaN,2,0,1,0.26471,NaN,0.08,NaN,5.2322e+05,5.2322e+05,NaN,NaN,NaN,NaN,NaN,NaN,NaN,NaN,NaN,NaN,NaN,NaN,NaN,NaN,NaN,NaN,NaN,NaN,NaN,NaN,NaN
1,2,11,NaN,-20,20,20,20,4,2,NaN,NaN,NaN,NaN,NaN,NaN,NaN,NaN,NaN,NaN,2,1,1,0.25884,NaN,0.15,NaN,5.2322e+05,5.2322e+05,NaN,NaN,NaN,NaN,NaN,NaN,NaN,NaN,NaN,NaN,NaN,NaN,NaN,NaN,NaN,NaN,NaN,NaN,NaN,NaN,NaN
1,2,12,NaN,-20,-20,-20,-20,2,2,NaN,NaN,NaN,NaN,NaN,NaN,NaN,NaN,NaN,NaN,1,1,1,0.42379,NaN,0.15,NaN,5.2323e+05,5.2323e+05,NaN,NaN,NaN,NaN,NaN,NaN,NaN,NaN,NaN,NaN,NaN,NaN,NaN,NaN,NaN,NaN,NaN,NaN,NaN,NaN,NaN
1,2,13,NaN,-20,-20,-20,-20,2,2,NaN,NaN,NaN,NaN,NaN,NaN,NaN,NaN,NaN,NaN,1,1,1,0.23847,NaN,0.15,NaN,5.2323e+05,5.2323e+05,NaN,NaN,NaN,NaN,NaN,NaN,NaN,NaN,NaN,NaN,NaN,NaN,NaN,NaN,NaN,NaN,NaN,NaN,NaN,NaN,NaN
1,2,14,NaN,-20,-20,20,20,2,2,NaN,NaN,NaN,NaN,NaN,NaN,NaN,NaN,NaN,NaN,1,1,1,0.23636,NaN,0.08,NaN,5.2323e+05,5.2323e+05,NaN,NaN,NaN,NaN,NaN,NaN,NaN,NaN,NaN,NaN,NaN,NaN,NaN,NaN,NaN,NaN,NaN,NaN,NaN,NaN,NaN
1,2,15,NaN,-20,-20,20,-20,1,2,NaN,NaN,NaN,NaN,NaN,NaN,NaN,NaN,NaN,NaN,1,1,1,0.25998,NaN,0.15,NaN,5.2323e+05,5.2323e+05,NaN,NaN,NaN,NaN,NaN,NaN,NaN,NaN,NaN,NaN,NaN,NaN,NaN,NaN,NaN,NaN,NaN,NaN,NaN,NaN,NaN
1,2,16,NaN,-20,-20,-20,-20,2,2,NaN,NaN,NaN,NaN,NaN,NaN,NaN,NaN,NaN,NaN,1,1,1,0.47783,NaN,0.08,NaN,5.2324e+05,5.2324e+05,NaN,NaN,NaN,NaN,NaN,NaN,NaN,NaN,NaN,NaN,NaN,NaN,NaN,NaN,NaN,NaN,NaN,NaN,NaN,NaN,NaN
1,2,17,NaN,-20,-20,20,-20,4,2,NaN,NaN,NaN,NaN,NaN,NaN,NaN,NaN,NaN,NaN,1,1,1,0.41274,NaN,0.15,NaN,5.2324e+05,5.2324e+05,NaN,NaN,NaN,NaN,NaN,NaN,NaN,NaN,NaN,NaN,NaN,NaN,NaN,NaN,NaN,NaN,NaN,NaN,NaN,NaN,NaN
1,2,18,NaN,-20,20,-20,-20,1,2,NaN,NaN,NaN,NaN,NaN,NaN,NaN,NaN,NaN,NaN,1,1,1,0.28809,NaN,0.08,NaN,5.2324e+05,5.2324e+05,NaN,NaN,NaN,NaN,NaN,NaN,NaN,NaN,NaN,NaN,NaN,NaN,NaN,NaN,NaN,NaN,NaN,NaN,NaN,NaN,NaN
1,2,19,NaN,20,-20,-20,20,4,2,NaN,NaN,NaN,NaN,NaN,NaN,NaN,NaN,NaN,NaN,2,1,1,0.20416,NaN,0.15,NaN,5.2325e+05,5.2325e+05,NaN,NaN,NaN,NaN,NaN,NaN,NaN,NaN,NaN,NaN,NaN,NaN,NaN,NaN,NaN,NaN,NaN,NaN,NaN,NaN,NaN
1,2,20,NaN,-20,20,-20,20,3,2,NaN,NaN,NaN,NaN,NaN,NaN,NaN,NaN,NaN,NaN,1,1,1,0.20207,NaN,0.15,NaN,5.2325e+05,5.2325e+05,NaN,NaN,NaN,NaN,NaN,NaN,NaN,NaN,NaN,NaN,NaN,NaN,NaN,NaN,NaN,NaN,NaN,NaN,NaN,NaN,NaN
1,2,21,NaN,-20,-20,-20,20,4,2,NaN,NaN,NaN,NaN,NaN,NaN,NaN,NaN,NaN,NaN,2,1,1,0.20504,NaN,0.115,NaN,5.2325e+05,5.2325e+05,NaN,NaN,NaN,NaN,NaN,NaN,NaN,NaN,NaN,NaN,NaN,NaN,NaN,NaN,NaN,NaN,NaN,NaN,NaN,NaN,NaN
1,2,22,NaN,-20,20,-20,20,1,2,NaN,NaN,NaN,NaN,NaN,NaN,NaN,NaN,NaN,NaN,1,1,1,0.2406,NaN,0.08,NaN,5.2325e+05,5.2325e+05,NaN,NaN,NaN,NaN,NaN,NaN,NaN,NaN,NaN,NaN,NaN,NaN,NaN,NaN,NaN,NaN,NaN,NaN,NaN,NaN,NaN
1,2,23,NaN,20,-20,20,-20,1,2,NaN,NaN,NaN,NaN,NaN,NaN,NaN,NaN,NaN,NaN,1,0,1,0.37779,NaN,0.08,NaN,5.2326e+05,5.2326e+05,NaN,NaN,NaN,NaN,NaN,NaN,NaN,NaN,NaN,NaN,NaN,NaN,NaN,NaN,NaN,NaN,NaN,NaN,NaN,NaN,NaN
1,2,24,NaN,20,-20,20,20,2,2,NaN,NaN,NaN,NaN,NaN,NaN,NaN,NaN,NaN,NaN,1,1,1,0.41609,NaN,0.08,NaN,5.2326e+05,5.2326e+05,NaN,NaN,NaN,NaN,NaN,NaN,NaN,NaN,NaN,NaN,NaN,NaN,NaN,NaN,NaN,NaN,NaN,NaN,NaN,NaN,NaN
1,2,25,NaN,20,20,-20,-20,2,2,NaN,NaN,NaN,NaN,NaN,NaN,NaN,NaN,NaN,NaN,2,1,1,0.30202,NaN,0.01,NaN,5.2326e+05,5.2326e+05,NaN,NaN,NaN,NaN,NaN,NaN,NaN,NaN,NaN,NaN,NaN,NaN,NaN,NaN,NaN,NaN,NaN,NaN,NaN,NaN,NaN
1,2,26,NaN,-20,-20,20,20,4,2,NaN,NaN,NaN,NaN,NaN,NaN,NaN,NaN,NaN,NaN,2,1,1,0.20413,NaN,0.115,NaN,5.2327e+05,5.2327e+05,NaN,NaN,NaN,NaN,NaN,NaN,NaN,NaN,NaN,NaN,NaN,NaN,NaN,NaN,NaN,NaN,NaN,NaN,NaN,NaN,NaN
1,2,27,NaN,-20,20,-20,-20,4,2,NaN,NaN,NaN,NaN,NaN,NaN,NaN,NaN,NaN,NaN,1,1,1,0.5328,NaN,0.115,NaN,5.2327e+05,5.2327e+05,NaN,NaN,NaN,NaN,NaN,NaN,NaN,NaN,NaN,NaN,NaN,NaN,NaN,NaN,NaN,NaN,NaN,NaN,NaN,NaN,NaN
1,2,28,NaN,20,20,20,-20,2,2,NaN,NaN,NaN,NaN,NaN,NaN,NaN,NaN,NaN,NaN,2,1,1,0.30176,NaN,0.01,NaN,5.2327e+05,5.2327e+05,NaN,NaN,NaN,NaN,NaN,NaN,NaN,NaN,NaN,NaN,NaN,NaN,NaN,NaN,NaN,NaN,NaN,NaN,NaN,NaN,NaN
1,2,29,NaN,20,20,20,-20,3,2,NaN,NaN,NaN,NaN,NaN,NaN,NaN,NaN,NaN,NaN,2,1,1,0.13747,NaN,0.15,NaN,5.2327e+05,5.2327e+05,NaN,NaN,NaN,NaN,NaN,NaN,NaN,NaN,NaN,NaN,NaN,NaN,NaN,NaN,NaN,NaN,NaN,NaN,NaN,NaN,NaN
1,2,30,NaN,-20,-20,-20,-20,1,2,NaN,NaN,NaN,NaN,NaN,NaN,NaN,NaN,NaN,NaN,1,1,1,0.17592,NaN,0.15,NaN,5.2328e+05,5.2328e+05,NaN,NaN,NaN,NaN,NaN,NaN,NaN,NaN,NaN,NaN,NaN,NaN,NaN,NaN,NaN,NaN,NaN,NaN,NaN,NaN,NaN
1,2,31,NaN,-20,-20,20,-20,4,2,NaN,NaN,NaN,NaN,NaN,NaN,NaN,NaN,NaN,NaN,898,898,-1,NaN,NaN,NaN,NaN,NaN,NaN,NaN,NaN,NaN,NaN,NaN,NaN,NaN,NaN,NaN,NaN,NaN,NaN,NaN,NaN,NaN,NaN,NaN,NaN,NaN,NaN,NaN
1,2,32,NaN,-20,-20,-20,20,4,2,NaN,NaN,NaN,NaN,NaN,NaN,NaN,NaN,NaN,NaN,898,898,-1,NaN,NaN,NaN,NaN,NaN,NaN,NaN,NaN,NaN,NaN,NaN,NaN,NaN,NaN,NaN,NaN,NaN,NaN,NaN,NaN,NaN,NaN,NaN,NaN,NaN,NaN,NaN
1,2,33,NaN,-20,-20,-20,-20,4,2,NaN,NaN,NaN,NaN,NaN,NaN,NaN,NaN,NaN,NaN,2,0,1,3.1665,NaN,0.08,NaN,5.2328e+05,5.2328e+05,NaN,NaN,NaN,NaN,NaN,NaN,NaN,NaN,NaN,NaN,NaN,NaN,NaN,NaN,NaN,NaN,NaN,NaN,NaN,NaN,NaN
1,2,34,NaN,-20,20,-20,-20,3,2,NaN,NaN,NaN,NaN,NaN,NaN,NaN,NaN,NaN,NaN,1,1,1,0.77095,NaN,0.08,NaN,5.2329e+05,5.2329e+05,NaN,NaN,NaN,NaN,NaN,NaN,NaN,NaN,NaN,NaN,NaN,NaN,NaN,NaN,NaN,NaN,NaN,NaN,NaN,NaN,NaN
1,2,35,NaN,-20,20,-20,20,2,2,NaN,NaN,NaN,NaN,NaN,NaN,NaN,NaN,NaN,NaN,1,0,1,0.32272,NaN,0.01,NaN,5.2329e+05,5.2329e+05,NaN,NaN,NaN,NaN,NaN,NaN,NaN,NaN,NaN,NaN,NaN,NaN,NaN,NaN,NaN,NaN,NaN,NaN,NaN,NaN,NaN
1,2,36,NaN,20,20,-20,-20,3,2,NaN,NaN,NaN,NaN,NaN,NaN,NaN,NaN,NaN,NaN,1,1,1,0.27405,NaN,0.08,NaN,5.233e+05,5.233e+05,NaN,NaN,NaN,NaN,NaN,NaN,NaN,NaN,NaN,NaN,NaN,NaN,NaN,NaN,NaN,NaN,NaN,NaN,NaN,NaN,NaN
1,2,37,NaN,-20,20,20,20,3,2,NaN,NaN,NaN,NaN,NaN,NaN,NaN,NaN,NaN,NaN,2,1,1,0.25516,NaN,0.08,NaN,5.233e+05,5.233e+05,NaN,NaN,NaN,NaN,NaN,NaN,NaN,NaN,NaN,NaN,NaN,NaN,NaN,NaN,NaN,NaN,NaN,NaN,NaN,NaN,NaN
1,2,38,NaN,-20,20,-20,20,1,2,NaN,NaN,NaN,NaN,NaN,NaN,NaN,NaN,NaN,NaN,1,1,1,0.2897,NaN,0.15,NaN,5.233e+05,5.233e+05,NaN,NaN,NaN,NaN,NaN,NaN,NaN,NaN,NaN,NaN,NaN,NaN,NaN,NaN,NaN,NaN,NaN,NaN,NaN,NaN,NaN
1,2,39,NaN,-20,-20,-20,-20,2,2,NaN,NaN,NaN,NaN,NaN,NaN,NaN,NaN,NaN,NaN,2,0,1,0.35512,NaN,0.08,NaN,5.233e+05,5.233e+05,NaN,NaN,NaN,NaN,NaN,NaN,NaN,NaN,NaN,NaN,NaN,NaN,NaN,NaN,NaN,NaN,NaN,NaN,NaN,NaN,NaN
1,2,40,NaN,-20,20,-20,-20,3,2,NaN,NaN,NaN,NaN,NaN,NaN,NaN,NaN,NaN,NaN,898,898,-1,NaN,NaN,NaN,NaN,NaN,NaN,NaN,NaN,NaN,NaN,NaN,NaN,NaN,NaN,NaN,NaN,NaN,NaN,NaN,NaN,NaN,NaN,NaN,NaN,NaN,NaN,NaN
1,2,41,NaN,20,20,20,-20,2,2,NaN,NaN,NaN,NaN,NaN,NaN,NaN,NaN,NaN,NaN,2,1,1,0.30665,NaN,0.115,NaN,5.2331e+05,5.2331e+05,NaN,NaN,NaN,NaN,NaN,NaN,NaN,NaN,NaN,NaN,NaN,NaN,NaN,NaN,NaN,NaN,NaN,NaN,NaN,NaN,NaN
1,2,42,NaN,20,20,20,-20,2,2,NaN,NaN,NaN,NaN,NaN,NaN,NaN,NaN,NaN,NaN,2,1,1,0.23161,NaN,0.115,NaN,5.2331e+05,5.2331e+05,NaN,NaN,NaN,NaN,NaN,NaN,NaN,NaN,NaN,NaN,NaN,NaN,NaN,NaN,NaN,NaN,NaN,NaN,NaN,NaN,NaN
1,2,43,NaN,-20,-20,-20,-20,1,2,NaN,NaN,NaN,NaN,NaN,NaN,NaN,NaN,NaN,NaN,1,1,1,0.20902,NaN,0.15,NaN,5.2331e+05,5.2331e+05,NaN,NaN,NaN,NaN,NaN,NaN,NaN,NaN,NaN,NaN,NaN,NaN,NaN,NaN,NaN,NaN,NaN,NaN,NaN,NaN,NaN
1,2,44,NaN,20,-20,20,20,1,2,NaN,NaN,NaN,NaN,NaN,NaN,NaN,NaN,NaN,NaN,898,898,-1,NaN,NaN,NaN,NaN,NaN,NaN,NaN,NaN,NaN,NaN,NaN,NaN,NaN,NaN,NaN,NaN,NaN,NaN,NaN,NaN,NaN,NaN,NaN,NaN,NaN,NaN,NaN
1,2,45,NaN,-20,-20,20,20,2,2,NaN,NaN,NaN,NaN,NaN,NaN,NaN,NaN,NaN,NaN,2,0,1,0.30487,NaN,0.115,NaN,5.2332e+05,5.2332e+05,NaN,NaN,NaN,NaN,NaN,NaN,NaN,NaN,NaN,NaN,NaN,NaN,NaN,NaN,NaN,NaN,NaN,NaN,NaN,NaN,NaN
1,2,46,NaN,20,20,20,-20,2,2,NaN,NaN,NaN,NaN,NaN,NaN,NaN,NaN,NaN,NaN,898,898,-1,NaN,NaN,NaN,NaN,NaN,NaN,NaN,NaN,NaN,NaN,NaN,NaN,NaN,NaN,NaN,NaN,NaN,NaN,NaN,NaN,NaN,NaN,NaN,NaN,NaN,NaN,NaN
1,2,47,NaN,20,-20,-20,-20,3,2,NaN,NaN,NaN,NaN,NaN,NaN,NaN,NaN,NaN,NaN,1,1,1,0.0040876,NaN,0.01,NaN,5.2332e+05,5.2332e+05,NaN,NaN,NaN,NaN,NaN,NaN,NaN,NaN,NaN,NaN,NaN,NaN,NaN,NaN,NaN,NaN,NaN,NaN,NaN,NaN,NaN
1,2,48,NaN,-20,20,-20,20,3,2,NaN,NaN,NaN,NaN,NaN,NaN,NaN,NaN,NaN,NaN,1,1,1,0.2345,NaN,0.01,NaN,5.2332e+05,5.2332e+05,NaN,NaN,NaN,NaN,NaN,NaN,NaN,NaN,NaN,NaN,NaN,NaN,NaN,NaN,NaN,NaN,NaN,NaN,NaN,NaN,NaN
1,2,49,NaN,20,20,-20,20,3,2,NaN,NaN,NaN,NaN,NaN,NaN,NaN,NaN,NaN,NaN,898,898,-1,NaN,NaN,NaN,NaN,NaN,NaN,NaN,NaN,NaN,NaN,NaN,NaN,NaN,NaN,NaN,NaN,NaN,NaN,NaN,NaN,NaN,NaN,NaN,NaN,NaN,NaN,NaN
1,2,50,NaN,20,-20,-20,-20,1,2,NaN,NaN,NaN,NaN,NaN,NaN,NaN,NaN,NaN,NaN,2,1,1,0.59143,NaN,0.115,NaN,5.2333e+05,5.2333e+05,NaN,NaN,NaN,NaN,NaN,NaN,NaN,NaN,NaN,NaN,NaN,NaN,NaN,NaN,NaN,NaN,NaN,NaN,NaN,NaN,NaN
1,2,51,NaN,-20,20,20,-20,3,2,NaN,NaN,NaN,NaN,NaN,NaN,NaN,NaN,NaN,NaN,898,898,-1,NaN,NaN,NaN,NaN,NaN,NaN,NaN,NaN,NaN,NaN,NaN,NaN,NaN,NaN,NaN,NaN,NaN,NaN,NaN,NaN,NaN,NaN,NaN,NaN,NaN,NaN,NaN
1,2,52,NaN,20,-20,-20,-20,3,2,NaN,NaN,NaN,NaN,NaN,NaN,NaN,NaN,NaN,NaN,1,1,1,0.0041168,NaN,0.01,NaN,5.2333e+05,5.2333e+05,NaN,NaN,NaN,NaN,NaN,NaN,NaN,NaN,NaN,NaN,NaN,NaN,NaN,NaN,NaN,NaN,NaN,NaN,NaN,NaN,NaN
1,2,53,NaN,-20,20,-20,-20,4,2,NaN,NaN,NaN,NaN,NaN,NaN,NaN,NaN,NaN,NaN,1,1,1,0.3059,NaN,0.115,NaN,5.2334e+05,5.2334e+05,NaN,NaN,NaN,NaN,NaN,NaN,NaN,NaN,NaN,NaN,NaN,NaN,NaN,NaN,NaN,NaN,NaN,NaN,NaN,NaN,NaN
1,2,54,NaN,-20,-20,-20,20,3,2,NaN,NaN,NaN,NaN,NaN,NaN,NaN,NaN,NaN,NaN,1,1,1,0.0040964,NaN,0.001,NaN,5.2334e+05,5.2334e+05,NaN,NaN,NaN,NaN,NaN,NaN,NaN,NaN,NaN,NaN,NaN,NaN,NaN,NaN,NaN,NaN,NaN,NaN,NaN,NaN,NaN
1,2,55,NaN,-20,20,-20,20,4,2,NaN,NaN,NaN,NaN,NaN,NaN,NaN,NaN,NaN,NaN,2,1,1,0.93213,NaN,0.115,NaN,5.2334e+05,5.2334e+05,NaN,NaN,NaN,NaN,NaN,NaN,NaN,NaN,NaN,NaN,NaN,NaN,NaN,NaN,NaN,NaN,NaN,NaN,NaN,NaN,NaN
1,2,56,NaN,-20,20,20,20,1,2,NaN,NaN,NaN,NaN,NaN,NaN,NaN,NaN,NaN,NaN,898,898,-1,NaN,NaN,NaN,NaN,NaN,NaN,NaN,NaN,NaN,NaN,NaN,NaN,NaN,NaN,NaN,NaN,NaN,NaN,NaN,NaN,NaN,NaN,NaN,NaN,NaN,NaN,NaN
1,2,57,NaN,20,20,20,20,2,2,NaN,NaN,NaN,NaN,NaN,NaN,NaN,NaN,NaN,NaN,898,898,-1,NaN,NaN,NaN,NaN,NaN,NaN,NaN,NaN,NaN,NaN,NaN,NaN,NaN,NaN,NaN,NaN,NaN,NaN,NaN,NaN,NaN,NaN,NaN,NaN,NaN,NaN,NaN
1,2,58,NaN,-20,-20,20,-20,3,2,NaN,NaN,NaN,NaN,NaN,NaN,NaN,NaN,NaN,NaN,1,0,1,2.2887,NaN,0.001,NaN,5.2335e+05,5.2335e+05,NaN,NaN,NaN,NaN,NaN,NaN,NaN,NaN,NaN,NaN,NaN,NaN,NaN,NaN,NaN,NaN,NaN,NaN,NaN,NaN,NaN
1,2,59,NaN,20,-20,20,-20,4,2,NaN,NaN,NaN,NaN,NaN,NaN,NaN,NaN,NaN,NaN,1,1,1,0.2627,NaN,0.115,NaN,5.2335e+05,5.2335e+05,NaN,NaN,NaN,NaN,NaN,NaN,NaN,NaN,NaN,NaN,NaN,NaN,NaN,NaN,NaN,NaN,NaN,NaN,NaN,NaN,NaN
1,2,60,NaN,-20,20,20,20,2,2,NaN,NaN,NaN,NaN,NaN,NaN,NaN,NaN,NaN,NaN,898,898,-1,NaN,NaN,NaN,NaN,NaN,NaN,NaN,NaN,NaN,NaN,NaN,NaN,NaN,NaN,NaN,NaN,NaN,NaN,NaN,NaN,NaN,NaN,NaN,NaN,NaN,NaN,NaN
1,2,61,NaN,-20,-20,20,20,2,2,NaN,NaN,NaN,NaN,NaN,NaN,NaN,NaN,NaN,NaN,1,1,1,0.0041192,NaN,0.15,NaN,5.2336e+05,5.2336e+05,NaN,NaN,NaN,NaN,NaN,NaN,NaN,NaN,NaN,NaN,NaN,NaN,NaN,NaN,NaN,NaN,NaN,NaN,NaN,NaN,NaN
1,2,62,NaN,20,20,20,20,4,2,NaN,NaN,NaN,NaN,NaN,NaN,NaN,NaN,NaN,NaN,2,1,1,0.23232,NaN,0.0975,NaN,5.2336e+05,5.2336e+05,NaN,NaN,NaN,NaN,NaN,NaN,NaN,NaN,NaN,NaN,NaN,NaN,NaN,NaN,NaN,NaN,NaN,NaN,NaN,NaN,NaN
1,2,63,NaN,-20,-20,-20,-20,3,2,NaN,NaN,NaN,NaN,NaN,NaN,NaN,NaN,NaN,NaN,1,1,1,0.33229,NaN,0.071,NaN,5.2336e+05,5.2336e+05,NaN,NaN,NaN,NaN,NaN,NaN,NaN,NaN,NaN,NaN,NaN,NaN,NaN,NaN,NaN,NaN,NaN,NaN,NaN,NaN,NaN
1,2,64,NaN,-20,20,20,20,4,2,NaN,NaN,NaN,NaN,NaN,NaN,NaN,NaN,NaN,NaN,2,1,1,0.37315,NaN,0.0975,NaN,5.2337e+05,5.2337e+05,NaN,NaN,NaN,NaN,NaN,NaN,NaN,NaN,NaN,NaN,NaN,NaN,NaN,NaN,NaN,NaN,NaN,NaN,NaN,NaN,NaN
1,2,65,NaN,-20,-20,20,-20,3,2,NaN,NaN,NaN,NaN,NaN,NaN,NaN,NaN,NaN,NaN,1,0,1,0.26624,NaN,0.071,NaN,5.2337e+05,5.2337e+05,NaN,NaN,NaN,NaN,NaN,NaN,NaN,NaN,NaN,NaN,NaN,NaN,NaN,NaN,NaN,NaN,NaN,NaN,NaN,NaN,NaN
1,2,66,NaN,20,-20,-20,20,1,2,NaN,NaN,NaN,NaN,NaN,NaN,NaN,NaN,NaN,NaN,2,1,1,0.59967,NaN,0.115,NaN,5.2337e+05,5.2337e+05,NaN,NaN,NaN,NaN,NaN,NaN,NaN,NaN,NaN,NaN,NaN,NaN,NaN,NaN,NaN,NaN,NaN,NaN,NaN,NaN,NaN
1,2,67,NaN,-20,-20,20,-20,2,2,NaN,NaN,NaN,NaN,NaN,NaN,NaN,NaN,NaN,NaN,898,898,-1,NaN,NaN,NaN,NaN,NaN,NaN,NaN,NaN,NaN,NaN,NaN,NaN,NaN,NaN,NaN,NaN,NaN,NaN,NaN,NaN,NaN,NaN,NaN,NaN,NaN,NaN,NaN
1,2,68,NaN,-20,-20,20,-20,2,2,NaN,NaN,NaN,NaN,NaN,NaN,NaN,NaN,NaN,NaN,1,1,1,0.33273,NaN,0.15,NaN,5.2338e+05,5.2338e+05,NaN,NaN,NaN,NaN,NaN,NaN,NaN,NaN,NaN,NaN,NaN,NaN,NaN,NaN,NaN,NaN,NaN,NaN,NaN,NaN,NaN
1,2,69,NaN,20,20,-20,-20,4,2,NaN,NaN,NaN,NaN,NaN,NaN,NaN,NaN,NaN,NaN,1,1,1,0.22045,NaN,0.0975,NaN,5.2338e+05,5.2338e+05,NaN,NaN,NaN,NaN,NaN,NaN,NaN,NaN,NaN,NaN,NaN,NaN,NaN,NaN,NaN,NaN,NaN,NaN,NaN,NaN,NaN
1,2,70,NaN,-20,-20,20,-20,2,2,NaN,NaN,NaN,NaN,NaN,NaN,NaN,NaN,NaN,NaN,1,1,1,0.01607,NaN,0.15,NaN,5.2338e+05,5.2338e+05,NaN,NaN,NaN,NaN,NaN,NaN,NaN,NaN,NaN,NaN,NaN,NaN,NaN,NaN,NaN,NaN,NaN,NaN,NaN,NaN,NaN
1,2,71,NaN,20,-20,20,20,1,2,NaN,NaN,NaN,NaN,NaN,NaN,NaN,NaN,NaN,NaN,2,1,1,0.024071,NaN,0.115,NaN,5.2338e+05,5.2338e+05,NaN,NaN,NaN,NaN,NaN,NaN,NaN,NaN,NaN,NaN,NaN,NaN,NaN,NaN,NaN,NaN,NaN,NaN,NaN,NaN,NaN
1,2,72,NaN,20,20,-20,20,3,2,NaN,NaN,NaN,NaN,NaN,NaN,NaN,NaN,NaN,NaN,1,1,1,0.028017,NaN,0.106,NaN,5.2339e+05,5.2339e+05,NaN,NaN,NaN,NaN,NaN,NaN,NaN,NaN,NaN,NaN,NaN,NaN,NaN,NaN,NaN,NaN,NaN,NaN,NaN,NaN,NaN
1,2,73,NaN,20,-20,20,20,1,2,NaN,NaN,NaN,NaN,NaN,NaN,NaN,NaN,NaN,NaN,2,1,1,0.36431,NaN,0.08,NaN,5.2339e+05,5.2339e+05,NaN,NaN,NaN,NaN,NaN,NaN,NaN,NaN,NaN,NaN,NaN,NaN,NaN,NaN,NaN,NaN,NaN,NaN,NaN,NaN,NaN
1,2,74,NaN,20,-20,-20,-20,2,2,NaN,NaN,NaN,NaN,NaN,NaN,NaN,NaN,NaN,NaN,1,1,1,0.30773,NaN,0.115,NaN,5.2339e+05,5.2339e+05,NaN,NaN,NaN,NaN,NaN,NaN,NaN,NaN,NaN,NaN,NaN,NaN,NaN,NaN,NaN,NaN,NaN,NaN,NaN,NaN,NaN
1,2,75,NaN,20,-20,20,-20,3,2,NaN,NaN,NaN,NaN,NaN,NaN,NaN,NaN,NaN,NaN,2,1,1,0.37191,NaN,0.106,NaN,5.2339e+05,5.2339e+05,NaN,NaN,NaN,NaN,NaN,NaN,NaN,NaN,NaN,NaN,NaN,NaN,NaN,NaN,NaN,NaN,NaN,NaN,NaN,NaN,NaN
1,2,76,NaN,20,-20,-20,-20,1,2,NaN,NaN,NaN,NaN,NaN,NaN,NaN,NaN,NaN,NaN,2,1,1,0.30172,NaN,0.08,NaN,5.234e+05,5.234e+05,NaN,NaN,NaN,NaN,NaN,NaN,NaN,NaN,NaN,NaN,NaN,NaN,NaN,NaN,NaN,NaN,NaN,NaN,NaN,NaN,NaN
1,2,77,NaN,20,20,20,20,3,2,NaN,NaN,NaN,NaN,NaN,NaN,NaN,NaN,NaN,NaN,2,1,1,0.33113,NaN,0.106,NaN,5.234e+05,5.234e+05,NaN,NaN,NaN,NaN,NaN,NaN,NaN,NaN,NaN,NaN,NaN,NaN,NaN,NaN,NaN,NaN,NaN,NaN,NaN,NaN,NaN
1,2,78,NaN,20,20,-20,20,1,2,NaN,NaN,NaN,NaN,NaN,NaN,NaN,NaN,NaN,NaN,2,1,1,0.33334,NaN,0.08,NaN,5.234e+05,5.234e+05,NaN,NaN,NaN,NaN,NaN,NaN,NaN,NaN,NaN,NaN,NaN,NaN,NaN,NaN,NaN,NaN,NaN,NaN,NaN,NaN,NaN
1,2,79,NaN,20,-20,20,-20,3,2,NaN,NaN,NaN,NaN,NaN,NaN,NaN,NaN,NaN,NaN,2,1,1,0.14607,NaN,0.071,NaN,5.2341e+05,5.2341e+05,NaN,NaN,NaN,NaN,NaN,NaN,NaN,NaN,NaN,NaN,NaN,NaN,NaN,NaN,NaN,NaN,NaN,NaN,NaN,NaN,NaN
1,2,80,NaN,20,20,20,20,4,2,NaN,NaN,NaN,NaN,NaN,NaN,NaN,NaN,NaN,NaN,2,1,1,0.37552,NaN,0.08,NaN,5.2341e+05,5.2341e+05,NaN,NaN,NaN,NaN,NaN,NaN,NaN,NaN,NaN,NaN,NaN,NaN,NaN,NaN,NaN,NaN,NaN,NaN,NaN,NaN,NaN
1,2,81,NaN,-20,20,20,20,3,2,NaN,NaN,NaN,NaN,NaN,NaN,NaN,NaN,NaN,NaN,2,1,1,0.29493,NaN,0.071,NaN,5.2341e+05,5.2341e+05,NaN,NaN,NaN,NaN,NaN,NaN,NaN,NaN,NaN,NaN,NaN,NaN,NaN,NaN,NaN,NaN,NaN,NaN,NaN,NaN,NaN
1,2,82,NaN,20,20,20,20,1,2,NaN,NaN,NaN,NaN,NaN,NaN,NaN,NaN,NaN,NaN,2,1,1,0.39253,NaN,0.045,NaN,5.2341e+05,5.2341e+05,NaN,NaN,NaN,NaN,NaN,NaN,NaN,NaN,NaN,NaN,NaN,NaN,NaN,NaN,NaN,NaN,NaN,NaN,NaN,NaN,NaN
1,2,83,NaN,20,-20,20,-20,4,2,NaN,NaN,NaN,NaN,NaN,NaN,NaN,NaN,NaN,NaN,1,1,1,0.31479,NaN,0.08,NaN,5.2342e+05,5.2342e+05,NaN,NaN,NaN,NaN,NaN,NaN,NaN,NaN,NaN,NaN,NaN,NaN,NaN,NaN,NaN,NaN,NaN,NaN,NaN,NaN,NaN
1,2,84,NaN,-20,20,-20,-20,1,2,NaN,NaN,NaN,NaN,NaN,NaN,NaN,NaN,NaN,NaN,2,0,1,0.45126,NaN,0.045,NaN,5.2342e+05,5.2342e+05,NaN,NaN,NaN,NaN,NaN,NaN,NaN,NaN,NaN,NaN,NaN,NaN,NaN,NaN,NaN,NaN,NaN,NaN,NaN,NaN,NaN
1,2,85,NaN,-20,-20,-20,-20,4,2,NaN,NaN,NaN,NaN,NaN,NaN,NaN,NaN,NaN,NaN,898,898,-1,NaN,NaN,NaN,NaN,NaN,NaN,NaN,NaN,NaN,NaN,NaN,NaN,NaN,NaN,NaN,NaN,NaN,NaN,NaN,NaN,NaN,NaN,NaN,NaN,NaN,NaN,NaN
1,2,86,NaN,-20,20,20,-20,1,2,NaN,NaN,NaN,NaN,NaN,NaN,NaN,NaN,NaN,NaN,2,0,1,0.0041026,NaN,0.08,NaN,5.2342e+05,5.2342e+05,NaN,NaN,NaN,NaN,NaN,NaN,NaN,NaN,NaN,NaN,NaN,NaN,NaN,NaN,NaN,NaN,NaN,NaN,NaN,NaN,NaN
1,2,87,NaN,-20,-20,20,20,3,2,NaN,NaN,NaN,NaN,NaN,NaN,NaN,NaN,NaN,NaN,2,1,1,0.29142,NaN,0.071,NaN,5.2343e+05,5.2343e+05,NaN,NaN,NaN,NaN,NaN,NaN,NaN,NaN,NaN,NaN,NaN,NaN,NaN,NaN,NaN,NaN,NaN,NaN,NaN,NaN,NaN
1,2,88,NaN,20,20,-20,-20,1,2,NaN,NaN,NaN,NaN,NaN,NaN,NaN,NaN,NaN,NaN,2,1,1,0.27555,NaN,0.0975,NaN,5.2343e+05,5.2343e+05,NaN,NaN,NaN,NaN,NaN,NaN,NaN,NaN,NaN,NaN,NaN,NaN,NaN,NaN,NaN,NaN,NaN,NaN,NaN,NaN,NaN
1,2,89,NaN,-20,-20,-20,20,2,2,NaN,NaN,NaN,NaN,NaN,NaN,NaN,NaN,NaN,NaN,898,898,-1,NaN,NaN,NaN,NaN,NaN,NaN,NaN,NaN,NaN,NaN,NaN,NaN,NaN,NaN,NaN,NaN,NaN,NaN,NaN,NaN,NaN,NaN,NaN,NaN,NaN,NaN,NaN
1,2,90,NaN,20,20,20,-20,1,2,NaN,NaN,NaN,NaN,NaN,NaN,NaN,NaN,NaN,NaN,2,1,1,0.18446,NaN,0.0975,NaN,5.2343e+05,5.2343e+05,NaN,NaN,NaN,NaN,NaN,NaN,NaN,NaN,NaN,NaN,NaN,NaN,NaN,NaN,NaN,NaN,NaN,NaN,NaN,NaN,NaN
1,2,91,NaN,20,20,20,20,3,2,NaN,NaN,NaN,NaN,NaN,NaN,NaN,NaN,NaN,NaN,1,0,1,0.15715,NaN,0.036,NaN,5.2344e+05,5.2344e+05,NaN,NaN,NaN,NaN,NaN,NaN,NaN,NaN,NaN,NaN,NaN,NaN,NaN,NaN,NaN,NaN,NaN,NaN,NaN,NaN,NaN
1,2,92,NaN,-20,-20,20,-20,2,2,NaN,NaN,NaN,NaN,NaN,NaN,NaN,NaN,NaN,NaN,2,0,1,0.52866,NaN,0.115,NaN,5.2344e+05,5.2344e+05,NaN,NaN,NaN,NaN,NaN,NaN,NaN,NaN,NaN,NaN,NaN,NaN,NaN,NaN,NaN,NaN,NaN,NaN,NaN,NaN,NaN
1,2,93,NaN,-20,20,-20,20,4,2,NaN,NaN,NaN,NaN,NaN,NaN,NaN,NaN,NaN,NaN,1,0,1,0.33362,NaN,0.08,NaN,5.2344e+05,5.2344e+05,NaN,NaN,NaN,NaN,NaN,NaN,NaN,NaN,NaN,NaN,NaN,NaN,NaN,NaN,NaN,NaN,NaN,NaN,NaN,NaN,NaN
1,2,94,NaN,-20,-20,-20,-20,3,2,NaN,NaN,NaN,NaN,NaN,NaN,NaN,NaN,NaN,NaN,898,898,-1,NaN,NaN,NaN,NaN,NaN,NaN,NaN,NaN,NaN,NaN,NaN,NaN,NaN,NaN,NaN,NaN,NaN,NaN,NaN,NaN,NaN,NaN,NaN,NaN,NaN,NaN,NaN
1,2,95,NaN,20,-20,20,20,1,2,NaN,NaN,NaN,NaN,NaN,NaN,NaN,NaN,NaN,NaN,2,1,1,0.0041139,NaN,0.0975,NaN,5.2345e+05,5.2345e+05,NaN,NaN,NaN,NaN,NaN,NaN,NaN,NaN,NaN,NaN,NaN,NaN,NaN,NaN,NaN,NaN,NaN,NaN,NaN,NaN,NaN
1,2,96,NaN,-20,-20,-20,20,3,2,NaN,NaN,NaN,NaN,NaN,NaN,NaN,NaN,NaN,NaN,1,1,1,0.28172,NaN,0.071,NaN,5.2345e+05,5.2345e+05,NaN,NaN,NaN,NaN,NaN,NaN,NaN,NaN,NaN,NaN,NaN,NaN,NaN,NaN,NaN,NaN,NaN,NaN,NaN,NaN,NaN
1,2,97,NaN,-20,-20,-20,20,1,2,NaN,NaN,NaN,NaN,NaN,NaN,NaN,NaN,NaN,NaN,1,1,1,0.31741,NaN,0.08,NaN,5.2345e+05,5.2345e+05,NaN,NaN,NaN,NaN,NaN,NaN,NaN,NaN,NaN,NaN,NaN,NaN,NaN,NaN,NaN,NaN,NaN,NaN,NaN,NaN,NaN
1,2,98,NaN,-20,20,20,-20,4,2,NaN,NaN,NaN,NaN,NaN,NaN,NaN,NaN,NaN,NaN,1,1,1,0.27799,NaN,0.0975,NaN,5.2345e+05,5.2345e+05,NaN,NaN,NaN,NaN,NaN,NaN,NaN,NaN,NaN,NaN,NaN,NaN,NaN,NaN,NaN,NaN,NaN,NaN,NaN,NaN,NaN
1,2,99,NaN,20,20,20,-20,2,2,NaN,NaN,NaN,NaN,NaN,NaN,NaN,NaN,NaN,NaN,2,1,1,0.31506,NaN,0.15,NaN,5.2346e+05,5.2346e+05,NaN,NaN,NaN,NaN,NaN,NaN,NaN,NaN,NaN,NaN,NaN,NaN,NaN,NaN,NaN,NaN,NaN,NaN,NaN,NaN,NaN
1,2,100,NaN,-20,-20,20,-20,1,2,NaN,NaN,NaN,NaN,NaN,NaN,NaN,NaN,NaN,NaN,1,1,1,0.2998,NaN,0.08,NaN,5.2346e+05,5.2346e+05,NaN,NaN,NaN,NaN,NaN,NaN,NaN,NaN,NaN,NaN,NaN,NaN,NaN,NaN,NaN,NaN,NaN,NaN,NaN,NaN,NaN
1,2,2,NaN,-20,-20,20,20,2,2,NaN,NaN,NaN,NaN,NaN,NaN,NaN,NaN,NaN,NaN,1,1,1,0.4513,NaN,0.15,NaN,5.2346e+05,5.2346e+05,NaN,NaN,NaN,NaN,NaN,NaN,NaN,NaN,NaN,NaN,NaN,NaN,NaN,NaN,NaN,NaN,NaN,NaN,NaN,NaN,NaN
1,2,31,NaN,-20,-20,20,-20,4,2,NaN,NaN,NaN,NaN,NaN,NaN,NaN,NaN,NaN,NaN,1,1,1,0.23224,NaN,0.0975,NaN,5.2347e+05,5.2347e+05,NaN,NaN,NaN,NaN,NaN,NaN,NaN,NaN,NaN,NaN,NaN,NaN,NaN,NaN,NaN,NaN,NaN,NaN,NaN,NaN,NaN
1,2,32,NaN,-20,-20,-20,20,4,2,NaN,NaN,NaN,NaN,NaN,NaN,NaN,NaN,NaN,NaN,898,898,-1,NaN,NaN,NaN,NaN,NaN,NaN,NaN,NaN,NaN,NaN,NaN,NaN,NaN,NaN,NaN,NaN,NaN,NaN,NaN,NaN,NaN,NaN,NaN,NaN,NaN,NaN,NaN
1,2,40,NaN,-20,20,-20,-20,3,2,NaN,NaN,NaN,NaN,NaN,NaN,NaN,NaN,NaN,NaN,898,898,-1,NaN,NaN,NaN,NaN,NaN,NaN,NaN,NaN,NaN,NaN,NaN,NaN,NaN,NaN,NaN,NaN,NaN,NaN,NaN,NaN,NaN,NaN,NaN,NaN,NaN,NaN,NaN
1,2,44,NaN,20,-20,20,20,1,2,NaN,NaN,NaN,NaN,NaN,NaN,NaN,NaN,NaN,NaN,2,1,1,1.6318,NaN,0.08,NaN,5.2347e+05,5.2347e+05,NaN,NaN,NaN,NaN,NaN,NaN,NaN,NaN,NaN,NaN,NaN,NaN,NaN,NaN,NaN,NaN,NaN,NaN,NaN,NaN,NaN
1,2,46,NaN,20,20,20,-20,2,2,NaN,NaN,NaN,NaN,NaN,NaN,NaN,NaN,NaN,NaN,2,1,1,0.071311,NaN,0.15,NaN,5.2348e+05,5.2348e+05,NaN,NaN,NaN,NaN,NaN,NaN,NaN,NaN,NaN,NaN,NaN,NaN,NaN,NaN,NaN,NaN,NaN,NaN,NaN,NaN,NaN
1,2,49,NaN,20,20,-20,20,3,2,NaN,NaN,NaN,NaN,NaN,NaN,NaN,NaN,NaN,NaN,898,898,-1,NaN,NaN,NaN,NaN,NaN,NaN,NaN,NaN,NaN,NaN,NaN,NaN,NaN,NaN,NaN,NaN,NaN,NaN,NaN,NaN,NaN,NaN,NaN,NaN,NaN,NaN,NaN
1,2,51,NaN,-20,20,20,-20,3,2,NaN,NaN,NaN,NaN,NaN,NaN,NaN,NaN,NaN,NaN,2,1,1,0.03185,NaN,0.071,NaN,5.2348e+05,5.2348e+05,NaN,NaN,NaN,NaN,NaN,NaN,NaN,NaN,NaN,NaN,NaN,NaN,NaN,NaN,NaN,NaN,NaN,NaN,NaN,NaN,NaN
1,2,56,NaN,-20,20,20,20,1,2,NaN,NaN,NaN,NaN,NaN,NaN,NaN,NaN,NaN,NaN,1,1,1,0.10226,NaN,0.0625,NaN,5.2348e+05,5.2348e+05,NaN,NaN,NaN,NaN,NaN,NaN,NaN,NaN,NaN,NaN,NaN,NaN,NaN,NaN,NaN,NaN,NaN,NaN,NaN,NaN,NaN
1,2,57,NaN,20,20,20,20,2,2,NaN,NaN,NaN,NaN,NaN,NaN,NaN,NaN,NaN,NaN,2,1,1,0.18934,NaN,0.1325,NaN,5.2349e+05,5.2349e+05,NaN,NaN,NaN,NaN,NaN,NaN,NaN,NaN,NaN,NaN,NaN,NaN,NaN,NaN,NaN,NaN,NaN,NaN,NaN,NaN,NaN
1,2,60,NaN,-20,20,20,20,2,2,NaN,NaN,NaN,NaN,NaN,NaN,NaN,NaN,NaN,NaN,2,1,1,0.3544,NaN,0.1325,NaN,5.2349e+05,5.2349e+05,NaN,NaN,NaN,NaN,NaN,NaN,NaN,NaN,NaN,NaN,NaN,NaN,NaN,NaN,NaN,NaN,NaN,NaN,NaN,NaN,NaN
1,2,67,NaN,-20,-20,20,-20,2,2,NaN,NaN,NaN,NaN,NaN,NaN,NaN,NaN,NaN,NaN,2,0,1,0.36537,NaN,0.1325,NaN,5.2349e+05,5.2349e+05,NaN,NaN,NaN,NaN,NaN,NaN,NaN,NaN,NaN,NaN,NaN,NaN,NaN,NaN,NaN,NaN,NaN,NaN,NaN,NaN,NaN
1,2,85,NaN,-20,-20,-20,-20,4,2,NaN,NaN,NaN,NaN,NaN,NaN,NaN,NaN,NaN,NaN,1,1,1,0.14869,NaN,0.0975,NaN,5.235e+05,5.235e+05,NaN,NaN,NaN,NaN,NaN,NaN,NaN,NaN,NaN,NaN,NaN,NaN,NaN,NaN,NaN,NaN,NaN,NaN,NaN,NaN,NaN
1,2,89,NaN,-20,-20,-20,20,2,2,NaN,NaN,NaN,NaN,NaN,NaN,NaN,NaN,NaN,NaN,1,1,1,0.32551,NaN,0.15,NaN,5.235e+05,5.235e+05,NaN,NaN,NaN,NaN,NaN,NaN,NaN,NaN,NaN,NaN,NaN,NaN,NaN,NaN,NaN,NaN,NaN,NaN,NaN,NaN,NaN
1,2,94,NaN,-20,-20,-20,-20,3,2,NaN,NaN,NaN,NaN,NaN,NaN,NaN,NaN,NaN,NaN,898,898,-1,NaN,NaN,NaN,NaN,NaN,NaN,NaN,NaN,NaN,NaN,NaN,NaN,NaN,NaN,NaN,NaN,NaN,NaN,NaN,NaN,NaN,NaN,NaN,NaN,NaN,NaN,NaN
1,2,32,NaN,-20,-20,-20,20,4,2,NaN,NaN,NaN,NaN,NaN,NaN,NaN,NaN,NaN,NaN,898,898,-1,NaN,NaN,NaN,NaN,NaN,NaN,NaN,NaN,NaN,NaN,NaN,NaN,NaN,NaN,NaN,NaN,NaN,NaN,NaN,NaN,NaN,NaN,NaN,NaN,NaN,NaN,NaN
1,2,40,NaN,-20,20,-20,-20,3,2,NaN,NaN,NaN,NaN,NaN,NaN,NaN,NaN,NaN,NaN,898,898,-1,NaN,NaN,NaN,NaN,NaN,NaN,NaN,NaN,NaN,NaN,NaN,NaN,NaN,NaN,NaN,NaN,NaN,NaN,NaN,NaN,NaN,NaN,NaN,NaN,NaN,NaN,NaN
1,2,49,NaN,20,20,-20,20,3,2,NaN,NaN,NaN,NaN,NaN,NaN,NaN,NaN,NaN,NaN,1,1,1,0.3814,NaN,0.071,NaN,5.2351e+05,5.2351e+05,NaN,NaN,NaN,NaN,NaN,NaN,NaN,NaN,NaN,NaN,NaN,NaN,NaN,NaN,NaN,NaN,NaN,NaN,NaN,NaN,NaN
1,2,94,NaN,-20,-20,-20,-20,3,2,NaN,NaN,NaN,NaN,NaN,NaN,NaN,NaN,NaN,NaN,1,1,1,0.27483,NaN,0.0535,NaN,5.2351e+05,5.2351e+05,NaN,NaN,NaN,NaN,NaN,NaN,NaN,NaN,NaN,NaN,NaN,NaN,NaN,NaN,NaN,NaN,NaN,NaN,NaN,NaN,NaN
1,2,32,NaN,-20,-20,-20,20,4,2,NaN,NaN,NaN,NaN,NaN,NaN,NaN,NaN,NaN,NaN,2,1,1,0.0041122,NaN,0.08,NaN,5.2351e+05,5.2351e+05,NaN,NaN,NaN,NaN,NaN,NaN,NaN,NaN,NaN,NaN,NaN,NaN,NaN,NaN,NaN,NaN,NaN,NaN,NaN,NaN,NaN
1,2,40,NaN,-20,20,-20,-20,3,2,NaN,NaN,NaN,NaN,NaN,NaN,NaN,NaN,NaN,NaN,1,1,1,0.33065,NaN,0.0535,NaN,5.2351e+05,5.2351e+05,NaN,NaN,NaN,NaN,NaN,NaN,NaN,NaN,NaN,NaN,NaN,NaN,NaN,NaN,NaN,NaN,NaN,NaN,NaN,NaN,NaN
